0 0
0 0
0 0
0 0
0 19074
0 19074
0 19074
0 19074
0 19074
46 4553
46 4553
46 4553
46 4553
46 4553
46 4553
46 4553
46 4553
46 4553
46 4553
46 4553
46 4553
46 4553
46 26209
46 26209
46 26209
46 26209
46 26209
4 26472
4 26472
4 26472
4 26472
8 3575
8 3575
8 3575
8 3575
8 3575
8 3575
8 3575
8 3575
8 3575
8 3575
8 3575
8 3575
8 3575
8 3575
8 27075
8 27075
8 27075
8 27075
12 26539
12 26539
12 26539
12 26539
12 26539
16 4186
16 4186
16 4186
16 4186
16 4186
16 4186
16 4186
16 4186
16 4186
16 4186
16 4186
16 4186
16 4186
16 26768
16 26768
16 26768
16 26768
16 26768
20 4291
20 4291
20 4291
20 4291
20 4291
20 4291
20 4291
20 4291
20 4291
20 4291
20 4291
20 4291
20 4291
20 4291
20 26594
20 26594
20 26594
20 26594
24 3885
24 3885
24 3885
24 3885
24 3885
24 3885
24 3885
24 3885
24 3885
24 3885
24 3885
24 3885
24 3885
24 3885
24 26565
24 26565
24 26565
24 26565
28 4376
28 4376
28 4376
28 4376
28 4376
28 4376
28 4376
28 4376
28 4376
28 4376
28 4376
28 4376
28 4376
28 4376
28 26251
28 26251
28 26251
28 26251
28 26251
32 25266
32 25266
32 25266
32 25266
32 25266
36 3605
36 3605
36 3605
36 3605
36 3605
36 3605
36 3605
36 3605
36 3605
36 3605
36 3605
36 3605
36 3605
36 3605
36 25987
36 25987
36 25987
36 25987
40 3636
40 3636
40 3636
40 3636
40 3636
40 3636
40 3636
40 3636
40 3636
40 3636
40 3636
40 3636
40 3636
40 3636
40 26362
40 26362
40 26362
40 26362
40 26362
44 3477
44 3477
44 3477
44 3477
44 3477
44 3477
44 3477
44 3477
44 3477
44 3477
44 3477
44 3477
44 3477
44 27001
44 27001
44 27001
44 27001
44 27001
48 3910
48 3910
48 3910
48 3910
48 3910
48 3910
48 3910
48 3910
48 3910
48 3910
48 3910
48 3910
48 3910
48 3910
48 26964
48 26964
48 26964
48 26964
52 3662
52 3662
52 3662
52 3662
52 3662
52 3662
52 3662
52 3662
52 3662
52 3662
52 3662
52 3662
52 3662
52 3662
52 26770
52 26770
52 26770
52 26770
56 4352
56 4352
56 4352
56 4352
56 4352
56 4352
56 4352
56 4352
56 4352
56 4352
56 4352
56 4352
56 4352
56 4352
56 26373
56 26373
56 26373
56 26373
56 26373
60 15247
60 15247
60 15247
60 15247
60 15247
60 15247
60 15247
60 15247
60 15247
60 15247
60 15247
60 15247
60 15247
60 25797
60 25797
60 25797
60 25797
60 25797
64 26005
64 26005
64 26005
64 26005
68 26923
68 26923
68 26923
68 26923
72 4299
72 4299
72 4299
72 4299
72 4299
72 4299
72 4299
72 4299
72 4299
72 4299
72 4299
72 4299
72 4299
72 4299
72 26773
72 26773
72 26773
72 26773
72 26773
76 3871
76 3871
76 3871
76 3871
76 3871
76 3871
76 3871
76 3871
76 3871
76 3871
76 3871
76 3871
76 3871
76 26303
76 26303
76 26303
76 26303
76 26303
80 25842
80 25842
80 25842
80 25842
84 4385
84 4385
84 4385
84 4385
84 4385
84 4385
84 4385
84 4385
84 4385
84 4385
84 4385
84 4385
84 4385
84 4385
84 26414
84 26414
84 26414
84 26414
84 26414
88 3824
88 3824
88 3824
88 3824
88 3824
88 3824
88 3824
88 3824
88 3824
88 3824
88 3824
88 3824
88 3824
88 26508
88 26508
88 26508
88 26508
88 26508
92 26198
92 26198
92 26198
92 26198
92 26198
96 26595
96 26595
96 26595
96 26595
100 26460
100 26460
100 26460
100 26460
100 26460
104 26826
104 26826
104 26826
104 26826
104 26826
108 26239
108 26239
108 26239
108 26239
112 3629
112 3629
112 3629
112 3629
112 3629
112 3629
112 3629
112 3629
112 3629
112 3629
112 3629
112 3629
112 3629
112 3629
112 26932
112 26932
112 26932
112 26932
116 4045
116 4045
116 4045
116 4045
116 4045
116 4045
116 4045
116 4045
116 4045
116 4045
116 4045
116 4045
116 4045
116 4045
116 27210
116 27210
116 27210
116 27210
116 27210
120 4615
120 4615
120 4615
120 4615
120 4615
120 4615
120 4615
120 4615
120 4615
120 4615
120 4615
120 4615
120 4615
120 26015
120 26015
120 26015
120 26015
120 26015
124 3353
124 3353
124 3353
124 3353
124 3353
124 3353
124 3353
124 3353
124 3353
124 3353
124 3353
124 3353
124 3353
124 3353
124 26730
124 26730
124 26730
124 26730
128 27473
128 27473
128 27473
128 27473
132 27451
132 27451
132 27451
132 27451
132 27451
136 4749
136 4749
136 4749
136 4749
136 4749
136 4749
136 4749
136 4749
136 4749
136 4749
136 4749
136 4749
136 4749
136 27879
136 27879
136 27879
136 27879
136 27879
140 4907
140 4907
140 4907
140 4907
140 4907
140 4907
140 4907
140 4907
140 4907
140 4907
140 4907
140 4907
140 4907
140 4907
144 27979
144 27979
144 27979
144 27979
145 27979
145 27979
145 27979
145 27979
145 27979
145 27979
145 27979
145 27979
145 27979
145 27979
145 27979
145 27979
145 27979
145 27979
145 26206
145 26206
145 26206
145 26206
145 26206
148 4425
148 4425
148 4425
148 4425
148 4425
148 4425
148 4425
148 4425
148 4425
148 4425
148 4425
148 4425
148 4425
148 26660
148 26660
148 26660
148 26660
148 26660
152 3707
152 3707
152 3707
152 3707
152 3707
152 3707
152 3707
152 3707
152 3707
152 3707
152 3707
152 3707
152 3707
152 3707
152 27578
152 27578
152 27578
152 27578
156 3888
156 3888
156 3888
156 3888
156 3888
156 3888
156 3888
156 3888
156 3888
156 3888
156 3888
156 3888
156 3888
156 3888
156 26334
156 26334
156 26334
156 26334
160 3860
160 3860
160 3860
160 3860
160 3860
160 3860
160 3860
160 3860
160 3860
160 3860
160 3860
160 3860
160 3860
160 3860
164 29279
164 29279
164 29279
164 29279
164 29279
165 29279
165 29279
165 29279
165 29279
165 29279
165 29279
165 29279
165 29279
165 29279
165 29279
165 29279
165 29279
165 29279
165 26564
165 26564
165 26564
165 26564
165 26564
168 4390
168 4390
168 4390
168 4390
168 4390
168 4390
168 4390
168 4390
168 4390
168 4390
168 4390
168 4390
168 4390
168 4390
168 26190
168 26190
168 26190
168 26190
172 4319
172 4319
172 4319
172 4319
172 4319
172 4319
172 4319
172 4319
172 4319
172 4319
172 4319
172 4319
172 4319
172 4319
172 26129
172 26129
172 26129
172 26129
176 4604
176 4604
176 4604
176 4604
176 4604
176 4604
176 4604
176 4604
176 4604
176 4604
176 4604
176 4604
176 4604
176 4604
176 26290
176 26290
176 26290
176 26290
176 26290
180 3385
180 3385
180 3385
180 3385
180 3385
180 3385
180 3385
180 3385
180 3385
180 3385
180 3385
180 3385
180 3385
180 26209
180 26209
180 26209
180 26209
180 26209
184 4489
184 4489
184 4489
184 4489
184 4489
184 4489
184 4489
184 4489
184 4489
184 4489
184 4489
184 4489
184 4489
184 4489
184 26267
184 26267
184 26267
184 26267
188 4373
188 4373
188 4373
188 4373
188 4373
188 4373
188 4373
188 4373
188 4373
188 4373
188 4373
188 4373
188 4373
188 4373
188 27151
188 27151
188 27151
188 27151
192 4633
192 4633
192 4633
192 4633
192 4633
192 4633
192 4633
192 4633
192 4633
192 4633
192 4633
192 4633
192 4633
192 4633
196 24990
196 24990
196 24990
196 24990
196 24990
197 24990
197 24990
197 24990
197 24990
197 24990
197 24990
197 24990
197 24990
197 24990
197 24990
197 24990
197 24990
197 24990
197 26195
197 26195
197 26195
197 26195
197 26195
200 3735
200 3735
200 3735
200 3735
200 3735
200 3735
200 3735
200 3735
200 3735
200 3735
200 3735
200 3735
200 3735
200 3735
200 26807
200 26807
200 26807
200 26807
204 4233
204 4233
204 4233
204 4233
204 4233
204 4233
204 4233
204 4233
204 4233
204 4233
204 4233
204 4233
204 4233
204 4233
204 26484
204 26484
204 26484
204 26484
204 26484
208 4856
208 4856
208 4856
208 4856
208 4856
208 4856
208 4856
208 4856
208 4856
208 4856
208 4856
208 4856
208 4856
208 26112
208 26112
208 26112
208 26112
208 26112
212 3499
212 3499
212 3499
212 3499
212 3499
212 3499
212 3499
212 3499
212 3499
212 3499
212 3499
212 3499
212 3499
212 3499
216 28847
216 28847
216 28847
216 28847
217 28847
217 28847
217 28847
217 28847
217 28847
217 28847
217 28847
217 28847
217 28847
217 28847
217 28847
217 28847
217 28847
217 28847
217 26925
217 26925
217 26925
217 26925
220 3476
220 3476
220 3476
220 3476
220 3476
220 3476
220 3476
220 3476
220 3476
220 3476
220 3476
220 3476
220 3476
220 3476
220 28759
220 28759
220 28759
220 28759
220 28759
224 4327
224 4327
224 4327
224 4327
224 4327
224 4327
224 4327
224 4327
224 4327
224 4327
224 4327
224 4327
224 4327
224 27082
224 27082
224 27082
224 27082
224 27082
228 3670
228 3670
228 3670
228 3670
228 3670
228 3670
228 3670
228 3670
228 3670
228 3670
228 3670
228 3670
228 3670
228 3670
232 29913
232 29913
232 29913
232 29913
233 29913
233 29913
233 29913
233 29913
233 29913
233 29913
233 29913
233 29913
233 29913
233 29913
233 29913
233 29913
233 29913
233 29913
233 22747
233 22747
233 22747
233 22747
236 3679
236 3679
236 3679
236 3679
236 3679
236 3679
236 3679
236 3679
236 3679
236 3679
236 3679
236 3679
236 3679
236 3679
236 26840
236 26840
236 26840
236 26840
236 26840
240 3632
240 3632
240 3632
240 3632
240 3632
240 3632
240 3632
240 3632
240 3632
240 3632
240 3632
240 3632
240 3632
240 26639
240 26639
240 26639
240 26639
240 26639
244 4292
244 4292
244 4292
244 4292
244 4292
244 4292
244 4292
244 4292
244 4292
244 4292
244 4292
244 4292
244 4292
244 4292
244 26760
244 26760
244 26760
244 26760
248 4013
248 4013
248 4013
248 4013
248 4013
248 4013
248 4013
248 4013
248 4013
248 4013
248 4013
248 4013
248 4013
248 4013
248 25790
248 25790
248 25790
248 25790
248 25790
252 4115
252 4115
252 4115
252 4115
252 4115
252 4115
252 4115
252 4115
252 4115
252 4115
252 4115
252 4115
252 4115
252 26129
252 26129
252 26129
252 26129
252 26129
256 4056
256 4056
256 4056
256 4056
256 4056
256 4056
256 4056
256 4056
256 4056
256 4056
256 4056
256 4056
256 4056
256 27311
256 27311
256 27311
256 27311
256 27311
260 3658
260 3658
260 3658
260 3658
260 3658
260 3658
260 3658
260 3658
260 3658
260 3658
260 3658
260 3658
260 3658
260 3658
260 26300
260 26300
260 26300
260 26300
264 3855
264 3855
264 3855
264 3855
264 3855
264 3855
264 3855
264 3855
264 3855
264 3855
264 3855
264 3855
264 3855
264 3855
264 25542
264 25542
264 25542
264 25542
264 25542
268 3746
268 3746
268 3746
268 3746
268 3746
268 3746
268 3746
268 3746
268 3746
268 3746
268 3746
268 3746
268 3746
268 26399
268 26399
268 26399
268 26399
268 26399
272 4408
272 4408
272 4408
272 4408
272 4408
272 4408
272 4408
272 4408
272 4408
272 4408
272 4408
272 4408
272 4408
272 4408
272 26272
272 26272
272 26272
272 26272
276 3812
276 3812
276 3812
276 3812
276 3812
276 3812
276 3812
276 3812
276 3812
276 3812
276 3812
276 3812
276 3812
276 3812
280 28969
280 28969
280 28969
280 28969
281 28969
281 28969
281 28969
281 28969
281 28969
281 28969
281 28969
281 28969
281 28969
281 28969
281 28969
281 28969
281 28969
281 28969
281 25170
281 25170
281 25170
281 25170
281 25170
284 4266
284 4266
284 4266
284 4266
284 4266
284 4266
284 4266
284 4266
284 4266
284 4266
284 4266
284 4266
284 4266
284 26790
284 26790
284 26790
284 26790
284 26790
288 4414
288 4414
288 4414
288 4414
288 4414
288 4414
288 4414
288 4414
288 4414
288 4414
288 4414
288 4414
288 4414
288 4414
288 21471
288 21471
288 21471
288 21471
292 3557
292 3557
292 3557
292 3557
292 3557
292 3557
292 3557
292 3557
292 3557
292 3557
292 3557
292 3557
292 3557
292 3557
292 26190
292 26190
292 26190
292 26190
296 4313
296 4313
296 4313
296 4313
296 4313
296 4313
296 4313
296 4313
296 4313
296 4313
296 4313
296 4313
296 4313
296 4313
296 26657
296 26657
296 26657
296 26657
296 26657
300 4206
300 4206
300 4206
300 4206
300 4206
300 4206
300 4206
300 4206
300 4206
300 4206
300 4206
300 4206
300 4206
300 26335
300 26335
300 26335
300 26335
300 26335
304 4183
304 4183
304 4183
304 4183
304 4183
304 4183
304 4183
304 4183
304 4183
304 4183
304 4183
304 4183
304 4183
304 4183
304 27027
304 27027
304 27027
304 27027
308 3783
308 3783
308 3783
308 3783
308 3783
308 3783
308 3783
308 3783
308 3783
308 3783
308 3783
308 3783
308 3783
308 3783
308 26494
308 26494
308 26494
308 26494
308 26494
312 4096
312 4096
312 4096
312 4096
312 4096
312 4096
312 4096
312 4096
312 4096
312 4096
312 4096
312 4096
312 4096
312 27171
312 27171
312 27171
312 27171
312 27171
316 4132
316 4132
316 4132
316 4132
316 4132
316 4132
316 4132
316 4132
316 4132
316 4132
316 4132
316 4132
316 4132
316 4132
316 26262
316 26262
316 26262
316 26262
320 3697
320 3697
320 3697
320 3697
320 3697
320 3697
320 3697
320 3697
320 3697
320 3697
320 3697
320 3697
320 3697
320 3697
320 26717
320 26717
320 26717
320 26717
324 3591
324 3591
324 3591
324 3591
324 3591
324 3591
324 3591
324 3591
324 3591
324 3591
324 3591
324 3591
324 3591
324 3591
324 26828
324 26828
324 26828
324 26828
324 26828
328 3386
328 3386
328 3386
328 3386
328 3386
328 3386
328 3386
328 3386
328 3386
328 3386
328 3386
328 3386
328 3386
328 26325
328 26325
328 26325
328 26325
328 26325
332 3703
332 3703
332 3703
332 3703
332 3703
332 3703
332 3703
332 3703
332 3703
332 3703
332 3703
332 3703
332 3703
332 3703
332 26931
332 26931
332 26931
332 26931
336 4604
336 4604
336 4604
336 4604
336 4604
336 4604
336 4604
336 4604
336 4604
336 4604
336 4604
336 4604
336 4604
336 4604
340 30134
340 30134
340 30134
340 30134
341 30134
341 30134
341 30134
341 30134
341 30134
341 30134
341 30134
341 30134
341 30134
341 30134
341 30134
341 30134
341 30134
341 30134
341 26499
341 26499
341 26499
341 26499
341 26499
344 3632
344 3632
344 3632
344 3632
344 3632
344 3632
344 3632
344 3632
344 3632
344 3632
344 3632
344 3632
344 3632
344 26633
344 26633
344 26633
344 26633
344 26633
348 3622
348 3622
348 3622
348 3622
348 3622
348 3622
348 3622
348 3622
348 3622
348 3622
348 3622
348 3622
348 3622
348 3622
348 27198
348 27198
348 27198
348 27198
352 3804
352 3804
352 3804
352 3804
352 3804
352 3804
352 3804
352 3804
352 3804
352 3804
352 3804
352 3804
352 3804
352 3804
352 26285
352 26285
352 26285
352 26285
356 4132
356 4132
356 4132
356 4132
356 4132
356 4132
356 4132
356 4132
356 4132
356 4132
356 4132
356 4132
356 4132
356 4132
356 27266
356 27266
356 27266
356 27266
356 27266
360 3660
360 3660
360 3660
360 3660
360 3660
360 3660
360 3660
360 3660
360 3660
360 3660
360 3660
360 3660
360 3660
364 29438
364 29438
364 29438
364 29438
364 29438
365 29438
365 29438
365 29438
365 29438
365 29438
365 29438
365 29438
365 29438
365 29438
365 29438
365 29438
365 29438
365 29438
365 29438
365 26118
365 26118
365 26118
365 26118
368 4658
368 4658
368 4658
368 4658
368 4658
368 4658
368 4658
368 4658
368 4658
368 4658
368 4658
368 4658
368 4658
368 4658
368 26019
368 26019
368 26019
368 26019
368 26019
372 3629
372 3629
372 3629
372 3629
372 3629
372 3629
372 3629
372 3629
372 3629
372 3629
372 3629
372 3629
372 3629
376 28884
376 28884
376 28884
376 28884
376 28884
377 28884
377 28884
377 28884
377 28884
377 28884
377 28884
377 28884
377 28884
377 28884
377 28884
377 28884
377 28884
377 28884
377 28884
377 25909
377 25909
377 25909
377 25909
380 4325
380 4325
380 4325
380 4325
380 4325
380 4325
380 4325
380 4325
380 4325
380 4325
380 4325
380 4325
380 4325
380 4325
380 25801
380 25801
380 25801
380 25801
384 4355
384 4355
384 4355
384 4355
384 4355
384 4355
384 4355
384 4355
384 4355
384 4355
384 4355
384 4355
384 4355
384 4355
384 26648
384 26648
384 26648
384 26648
384 26648
388 4209
388 4209
388 4209
388 4209
388 4209
388 4209
388 4209
388 4209
388 4209
388 4209
388 4209
388 4209
388 4209
388 26597
388 26597
388 26597
388 26597
388 26597
392 3597
392 3597
392 3597
392 3597
392 3597
392 3597
392 3597
392 3597
392 3597
392 3597
392 3597
392 3597
392 3597
392 3597
392 26872
392 26872
392 26872
392 26872
396 4427
396 4427
396 4427
396 4427
396 4427
396 4427
396 4427
396 4427
396 4427
396 4427
396 4427
396 4427
396 4427
396 4427
396 26841
396 26841
396 26841
396 26841
400 3945
400 3945
400 3945
400 3945
400 3945
400 3945
400 3945
400 3945
400 3945
400 3945
400 3945
400 3945
400 3945
400 3945
400 26564
400 26564
400 26564
400 26564
400 26564
404 3612
404 3612
404 3612
404 3612
404 3612
404 3612
404 3612
404 3612
404 3612
404 3612
404 3612
404 3612
404 3612
408 28672
408 28672
408 28672
408 28672
408 28672
409 28672
409 28672
409 28672
409 28672
409 28672
409 28672
409 28672
409 28672
409 28672
409 28672
409 28672
409 28672
409 28672
409 28672
409 26690
409 26690
409 26690
409 26690
412 4136
412 4136
412 4136
412 4136
412 4136
412 4136
412 4136
412 4136
412 4136
412 4136
412 4136
412 4136
412 4136
412 4136
416 29847
416 29847
416 29847
416 29847
416 29847
417 29847
417 29847
417 29847
417 29847
417 29847
417 29847
417 29847
417 29847
417 29847
417 29847
417 29847
417 29847
417 29847
417 26457
417 26457
417 26457
417 26457
417 26457
420 4146
420 4146
420 4146
420 4146
420 4146
420 4146
420 4146
420 4146
420 4146
420 4146
420 4146
420 4146
420 4146
420 4146
420 27043
420 27043
420 27043
420 27043
424 4400
424 4400
424 4400
424 4400
424 4400
424 4400
424 4400
424 4400
424 4400
424 4400
424 4400
424 4400
424 4400
424 4400
424 26210
424 26210
424 26210
424 26210
428 3665
428 3665
428 3665
428 3665
428 3665
428 3665
428 3665
428 3665
428 3665
428 3665
428 3665
428 3665
428 3665
428 3665
428 25772
428 25772
428 25772
428 25772
428 25772
432 4116
432 4116
432 4116
432 4116
432 4116
432 4116
432 4116
432 4116
432 4116
432 4116
432 4116
432 4116
432 4116
432 26495
432 26495
432 26495
432 26495
432 26495
436 3311
436 3311
436 3311
436 3311
436 3311
436 3311
436 3311
436 3311
436 3311
436 3311
436 3311
436 3311
436 3311
436 3311
436 26222
436 26222
436 26222
436 26222
440 3650
440 3650
440 3650
440 3650
440 3650
440 3650
440 3650
440 3650
440 3650
440 3650
440 3650
440 3650
440 3650
440 3650
440 25896
440 25896
440 25896
440 25896
444 3546
444 3546
444 3546
444 3546
444 3546
444 3546
444 3546
444 3546
444 3546
444 3546
444 29112
444 29112
444 29112
444 29112
448 29112
448 29112
448 29112
448 29112
448 29112
448 29112
448 29112
448 29112
448 29112
448 29112
448 29112
448 29112
448 29112
448 29112
451 28683
451 28683
451 28683
451 28683
452 28683
452 28683
452 28683
452 28683
452 28683
452 28683
452 28683
452 28683
452 28683
452 28683
452 28683
452 28683
452 28683
452 28683
452 26230
452 26230
452 26230
452 26230
452 26230
455 4188
455 4188
455 4188
455 4188
455 4188
455 4188
455 4188
455 4188
455 4188
455 4188
455 4188
455 4188
455 4188
455 26728
455 26728
455 26728
455 26728
455 26728
459 3634
459 3634
459 3634
459 3634
459 3634
459 3634
459 3634
459 3634
459 3634
459 3634
459 3634
459 3634
459 3634
459 3634
459 25623
459 25623
459 25623
459 25623
463 4034
463 4034
463 4034
463 4034
463 4034
463 4034
463 4034
463 4034
463 4034
463 4034
463 4034
463 4034
463 4034
463 4034
463 26871
463 26871
463 26871
463 26871
467 4094
467 4094
467 4094
467 4094
467 4094
467 4094
467 4094
467 4094
467 4094
467 4094
467 4094
467 4094
467 4094
467 4094
467 26134
467 26134
467 26134
467 26134
467 26134
471 3796
471 3796
471 3796
471 3796
471 3796
471 3796
471 3796
471 3796
471 3796
471 3796
471 3796
471 3796
471 3796
471 26560
471 26560
471 26560
471 26560
471 26560
475 4111
475 4111
475 4111
475 4111
475 4111
475 4111
475 4111
475 4111
475 4111
475 4111
475 4111
475 4111
475 4111
475 4111
475 26346
475 26346
475 26346
475 26346
479 3729
479 3729
479 3729
479 3729
479 3729
479 3729
479 3729
479 3729
479 3729
479 3729
479 3729
479 3729
479 3729
479 3729
479 26770
479 26770
479 26770
479 26770
479 26770
483 4539
483 4539
483 4539
483 4539
483 4539
483 4539
483 4539
483 4539
483 4539
483 4539
483 4539
483 4539
483 4539
487 29524
487 29524
487 29524
487 29524
487 29524
488 29524
488 29524
488 29524
488 29524
488 29524
488 29524
488 29524
488 29524
488 29524
488 29524
488 29524
488 29524
488 29524
488 29524
488 26281
488 26281
488 26281
488 26281
491 3755
491 3755
491 3755
491 3755
491 3755
491 3755
491 3755
491 3755
491 3755
491 3755
491 3755
491 3755
491 3755
491 3755
491 26428
491 26428
491 26428
491 26428
495 4385
495 4385
495 4385
495 4385
495 4385
495 4385
495 4385
495 4385
495 4385
495 4385
495 4385
495 4385
495 4385
495 4385
495 23663
495 23663
495 23663
495 23663
495 23663
499 3667
499 3667
499 3667
499 3667
499 3667
499 3667
499 3667
499 3667
499 3667
499 3667
499 3667
499 3667
499 3667
499 25844
499 25844
499 25844
499 25844
499 25844
503 4571
503 4571
503 4571
503 4571
503 4571
503 4571
503 4571
503 4571
503 4571
503 28590
503 28590
503 28590
503 28590
503 28590
507 28590
507 28590
507 28590
507 28590
507 28590
507 28590
507 28590
507 28590
507 28590
507 28590
507 28590
507 28590
507 28590
507 28590
507 28590
507 28590
507 28590
507 28590
507 26103
507 26103
507 26103
507 26103
510 5728
510 5728
510 5728
510 5728
510 5728
511 5728
511 5728
511 5728
511 5728
511 5728
511 26738
511 26738
511 26738
511 26738
514 3527
514 3527
514 3527
514 3527
514 3527
514 3527
514 3527
514 3527
514 3527
514 3527
514 3527
514 3527
514 3527
514 3527
514 26921
514 26921
514 26921
514 26921
518 3657
518 3657
518 3657
518 3657
518 3657
518 3657
518 3657
518 3657
518 3657
518 3657
518 3657
518 3657
518 3657
518 3657
518 26422
518 26422
518 26422
518 26422
518 26422
522 4350
522 4350
522 4350
522 4350
522 4350
522 4350
522 4350
522 4350
522 4350
522 4350
522 4350
522 4350
522 4350
522 26568
522 26568
522 26568
522 26568
522 26568
526 3756
526 3756
526 3756
526 3756
526 3756
526 3756
526 3756
526 3756
526 3756
526 3756
526 3756
526 3756
526 3756
526 3756
530 28517
530 28517
530 28517
530 28517
531 28517
531 28517
531 28517
531 28517
531 28517
531 28517
531 28517
531 28517
531 28517
531 28517
531 28517
531 28517
531 28517
531 28517
531 26467
531 26467
531 26467
531 26467
534 4739
534 4739
534 4739
534 4739
534 4739
534 4739
534 4739
534 4739
534 4739
534 4739
534 4739
534 4739
534 4739
534 4739
534 26086
534 26086
534 26086
534 26086
534 26086
538 5235
538 5235
538 5235
538 5235
538 5235
538 5235
538 5235
538 5235
538 5235
538 5235
538 5235
538 5235
538 5235
538 26285
538 26285
538 26285
538 26285
538 26285
542 4839
542 4839
542 4839
542 4839
542 4839
542 4839
542 4839
542 4839
542 4839
542 4839
542 4839
542 4839
542 4839
542 4839
542 26981
542 26981
542 26981
542 26981
546 3878
546 3878
546 3878
546 3878
546 3878
546 3878
546 3878
546 3878
546 3878
546 3878
546 3878
546 3878
546 3878
546 3878
546 26738
546 26738
546 26738
546 26738
546 26738
550 4997
550 4997
550 4997
550 4997
550 4997
550 4997
550 4997
550 4997
550 4997
550 26529
550 26529
550 26529
550 26529
554 26529
554 26529
554 26529
554 26529
554 26529
554 26529
554 26529
554 26529
554 26529
554 26529
554 26529
554 26529
554 26529
554 26529
554 26238
554 26238
554 26238
554 26238
557 4182
557 4182
557 4182
557 4182
557 4182
557 4182
557 4182
557 4182
557 4182
557 4182
557 4182
557 4182
557 4182
557 4182
557 26972
557 26972
557 26972
557 26972
557 26972
561 4461
561 4461
561 4461
561 4461
561 4461
561 4461
561 4461
561 4461
561 4461
561 4461
561 4461
561 4461
561 4461
561 26612
561 26612
561 26612
561 26612
561 26612
565 4299
565 4299
565 4299
565 4299
565 4299
565 4299
565 4299
565 4299
565 4299
565 4299
565 4299
565 4299
565 4299
565 4299
565 27103
565 27103
565 27103
565 27103
569 4930
569 4930
569 4930
569 4930
569 4930
569 4930
569 4930
569 4930
569 4930
569 4930
569 4930
569 4930
569 4930
569 4930
569 27164
569 27164
569 27164
569 27164
569 27164
573 3416
573 3416
573 3416
573 3416
573 3416
573 3416
573 3416
573 3416
573 3416
573 3416
573 3416
573 3416
573 3416
573 22246
573 22246
573 22246
573 22246
573 22246
577 3837
577 3837
577 3837
577 3837
577 3837
577 3837
577 3837
577 3837
577 3837
577 3837
577 3837
577 3837
577 3837
577 3837
577 21850
577 21850
577 21850
577 21850
581 3579
581 3579
581 3579
581 3579
581 3579
581 3579
581 3579
581 3579
581 3579
581 29467
581 29467
581 29467
581 29467
581 29467
585 29467
585 29467
585 29467
585 29467
585 29467
585 29467
585 29467
585 29467
585 29467
585 29467
585 29467
585 29467
585 29467
585 29467
585 26139
585 26139
585 26139
585 26139
588 11561
588 11561
588 11561
588 11561
588 11561
588 11561
588 11561
588 11561
588 11561
588 11561
588 11561
588 11561
588 11561
588 11561
588 26358
588 26358
588 26358
588 26358
592 3819
592 3819
592 3819
592 3819
592 3819
592 3819
592 3819
592 3819
592 3819
592 3819
592 3819
592 3819
592 3819
592 3819
592 26775
592 26775
592 26775
592 26775
592 26775
596 3785
596 3785
596 3785
596 3785
596 3785
596 3785
596 3785
596 3785
596 3785
596 3785
596 3785
596 3785
596 3785
596 18192
596 18192
596 18192
596 18192
596 18192
600 3736
600 3736
600 3736
600 3736
600 3736
600 3736
600 3736
600 3736
600 3736
600 3736
600 3736
600 3736
600 3736
600 3736
600 25982
600 25982
600 25982
600 25982
604 4464
604 4464
604 4464
604 4464
604 4464
604 4464
604 4464
604 4464
604 4464
604 4464
604 4464
604 4464
604 4464
604 4464
604 26549
604 26549
604 26549
604 26549
608 3616
608 3616
608 3616
608 3616
608 3616
608 3616
608 3616
608 3616
608 3616
608 3616
608 29155
608 29155
608 29155
608 29155
612 29155
612 29155
612 29155
612 29155
612 29155
612 29155
612 29155
612 29155
612 29155
612 29155
612 29155
612 29155
612 29155
612 29155
612 26574
612 26574
612 26574
612 26574
615 3618
615 3618
615 3618
615 3618
615 3618
615 3618
615 3618
615 3618
615 3618
615 3618
615 3618
615 3618
615 3618
615 3618
615 25979
615 25979
615 25979
615 25979
615 25979
619 4407
619 4407
619 4407
619 4407
619 4407
619 4407
619 4407
619 4407
619 4407
619 4407
619 4407
619 4407
619 4407
619 26392
619 26392
619 26392
619 26392
619 26392
623 4304
623 4304
623 4304
623 4304
623 4304
623 4304
623 4304
623 4304
623 4304
623 4304
623 4304
623 4304
623 4304
623 4304
623 27043
623 27043
623 27043
623 27043
627 4435
627 4435
627 4435
627 4435
627 4435
627 4435
627 4435
627 4435
627 4435
627 4435
627 4435
627 4435
627 4435
627 4435
627 26376
627 26376
627 26376
627 26376
631 4282
631 4282
631 4282
631 4282
631 4282
631 4282
631 4282
631 4282
631 4282
631 4282
631 4282
631 4282
631 4282
631 4282
631 25615
631 25615
631 25615
631 25615
631 25615
635 4234
635 4234
635 4234
635 4234
635 4234
635 4234
635 4234
635 4234
635 4234
635 4234
635 4234
635 4234
635 4234
635 25983
635 25983
635 25983
635 25983
635 25983
639 3719
639 3719
639 3719
639 3719
639 3719
639 3719
639 3719
639 3719
639 3719
639 3719
639 3719
639 3719
639 3719
639 3719
643 29149
643 29149
643 29149
643 29149
644 29149
644 29149
644 29149
644 29149
644 29149
644 29149
644 29149
644 29149
644 29149
644 29149
644 29149
644 29149
644 29149
644 29149
644 26671
644 26671
644 26671
644 26671
644 26671
647 3782
647 3782
647 3782
647 3782
647 3782
647 3782
647 3782
647 3782
647 3782
647 28058
647 28058
647 28058
647 28058
651 28058
651 28058
651 28058
651 28058
651 28058
651 28058
651 28058
651 28058
651 28058
651 28058
651 28058
651 28058
651 28058
651 28058
651 26352
651 26352
651 26352
651 26352
651 26352
654 4054
654 4054
654 4054
654 4054
654 4054
654 4054
654 4054
654 4054
654 4054
654 30246
654 30246
654 30246
654 30246
658 30246
658 30246
658 30246
658 30246
658 30246
658 30246
658 30246
658 30246
658 30246
658 30246
658 30246
658 30246
658 30246
658 30246
658 26898
658 26898
658 26898
658 26898
661 4401
661 4401
661 4401
661 4401
661 4401
661 4401
661 4401
661 4401
661 4401
661 4401
661 4401
661 4401
661 4401
661 4401
661 26501
661 26501
661 26501
661 26501
661 26501
665 4049
665 4049
665 4049
665 4049
665 4049
665 4049
665 4049
665 4049
665 4049
665 4049
665 4049
665 4049
665 4049
665 26882
665 26882
665 26882
665 26882
665 26882
669 3934
669 3934
669 3934
669 3934
669 3934
669 3934
669 3934
669 3934
669 3934
669 3934
669 3934
669 3934
669 3934
669 3934
669 26198
669 26198
669 26198
669 26198
673 4355
673 4355
673 4355
673 4355
673 4355
673 4355
673 4355
673 4355
673 4355
673 4355
673 4355
673 4355
673 4355
673 4355
673 27442
673 27442
673 27442
673 27442
673 27442
677 3721
677 3721
677 3721
677 3721
677 3721
677 3721
677 3721
677 3721
677 3721
677 3721
677 3721
677 3721
677 3721
677 26659
677 26659
677 26659
677 26659
677 26659
681 4941
681 4941
681 4941
681 4941
681 4941
681 4941
681 4941
681 4941
681 4941
681 4941
681 4941
681 4941
681 4941
681 4941
685 28039
685 28039
685 28039
685 28039
686 28039
686 28039
686 28039
686 28039
686 28039
686 28039
686 28039
686 28039
686 28039
686 28039
686 28039
686 28039
686 28039
686 28039
686 26185
686 26185
686 26185
686 26185
689 4165
689 4165
689 4165
689 4165
689 4165
689 4165
689 4165
689 4165
689 4165
689 4165
689 4165
689 4165
689 4165
689 4165
689 26372
689 26372
689 26372
689 26372
689 26372
693 4631
693 4631
693 4631
693 4631
693 4631
693 4631
693 4631
693 4631
693 4631
693 4631
693 4631
693 4631
693 4631
693 26541
693 26541
693 26541
693 26541
693 26541
697 4067
697 4067
697 4067
697 4067
697 4067
697 4067
697 4067
697 4067
697 4067
697 29742
697 29742
697 29742
697 29742
697 29742
701 29742
701 29742
701 29742
701 29742
701 29742
701 29742
701 29742
701 29742
701 29742
701 29742
701 29742
701 29742
701 29742
701 26106
701 26106
701 26106
701 26106
701 26106
704 3693
704 3693
704 3693
704 3693
704 3693
704 3693
704 3693
704 3693
704 3693
704 3693
704 3693
704 3693
704 3693
704 3693
704 26008
704 26008
704 26008
704 26008
708 3645
708 3645
708 3645
708 3645
708 3645
708 3645
708 3645
708 3645
708 3645
708 3645
708 3645
708 3645
708 3645
708 3645
708 25841
708 25841
708 25841
708 25841
712 4255
712 4255
712 4255
712 4255
712 4255
712 4255
712 4255
712 4255
712 4255
712 4255
712 4255
712 4255
712 4255
712 4255
716 29702
716 29702
716 29702
716 29702
716 29702
717 29702
717 29702
717 29702
717 29702
717 29702
717 29702
717 29702
717 29702
717 29702
717 29702
717 29702
717 29702
717 29702
717 26440
717 26440
717 26440
717 26440
717 26440
720 3430
720 3430
720 3430
720 3430
720 3430
720 3430
720 3430
720 3430
720 3430
720 3430
720 3430
720 3430
720 3430
720 3430
720 25874
720 25874
720 25874
720 25874
724 3811
724 3811
724 3811
724 3811
724 3811
724 3811
724 3811
724 3811
724 3811
724 3811
724 3811
724 3811
724 3811
724 3811
724 26198
724 26198
724 26198
724 26198
728 3803
728 3803
728 3803
728 3803
728 3803
728 3803
728 3803
728 3803
728 3803
728 3803
728 3803
728 3803
728 3803
728 3803
728 26801
728 26801
728 26801
728 26801
728 26801
732 3844
732 3844
732 3844
732 3844
732 3844
732 3844
732 3844
732 3844
732 3844
732 3844
732 3844
732 3844
732 3844
732 26071
732 26071
732 26071
732 26071
732 26071
736 4143
736 4143
736 4143
736 4143
736 4143
736 4143
736 4143
736 4143
736 4143
736 4143
736 4143
736 4143
736 4143
736 4143
736 4143
736 4143
736 4143
736 4143
737 4143
737 4143
737 4143
737 4143
737 4143
737 26412
737 26412
737 26412
737 26412
741 5102
741 5102
741 5102
741 5102
741 5102
742 5102
742 5102
742 5102
742 5102
742 5102
742 24587
742 24587
742 24587
742 24587
745 3628
745 3628
745 3628
745 3628
745 3628
745 3628
745 3628
745 3628
745 3628
745 3628
745 3628
745 3628
745 3628
745 3628
745 26608
745 26608
745 26608
745 26608
749 3816
749 3816
749 3816
749 3816
749 3816
749 3816
749 3816
749 3816
749 3816
749 3816
749 3816
749 3816
749 3816
749 3816
749 25885
749 25885
749 25885
749 25885
749 25885
753 3723
753 3723
753 3723
753 3723
753 3723
753 3723
753 3723
753 3723
753 3723
753 3723
753 3723
753 3723
753 3723
753 26241
753 26241
753 26241
753 26241
753 26241
757 3900
757 3900
757 3900
757 3900
757 3900
757 3900
757 3900
757 3900
757 3900
757 3900
757 3900
757 3900
757 3900
757 3900
757 26308
757 26308
757 26308
757 26308
761 4042
761 4042
761 4042
761 4042
761 4042
761 4042
761 4042
761 4042
761 4042
761 4042
761 4042
761 4042
761 4042
761 4042
761 26510
761 26510
761 26510
761 26510
765 4104
765 4104
765 4104
765 4104
765 4104
765 4104
765 4104
765 4104
765 4104
765 4104
765 4104
765 4104
765 4104
765 4104
765 4104
765 4104
765 4104
765 4104
765 4104
765 26552
765 26552
765 26552
765 26552
770 34121
770 34121
770 34121
770 34121
770 34121
770 34121
770 34121
770 34121
770 34121
770 34121
770 34121
770 34121
770 34121
770 34121
770 26788
770 26788
770 26788
770 26788
770 26788
774 3586
774 3586
774 3586
774 3586
774 3586
774 3586
774 3586
774 3586
774 3586
774 3586
774 3586
774 3586
774 3586
774 26128
774 26128
774 26128
774 26128
774 26128
778 3944
778 3944
778 3944
778 3944
778 3944
778 3944
778 3944
778 3944
778 3944
778 3944
778 3944
778 3944
778 3944
778 3944
778 26128
778 26128
778 26128
778 26128
782 4882
782 4882
782 4882
782 4882
782 4882
782 4882
782 4882
782 4882
782 4882
782 4882
782 4882
782 4882
782 4882
782 4882
782 26316
782 26316
782 26316
782 26316
786 3599
786 3599
786 3599
786 3599
786 3599
786 3599
786 3599
786 3599
786 3599
786 3599
786 3599
786 3599
786 3599
786 3599
786 26704
786 26704
786 26704
786 26704
786 26704
790 3696
790 3696
790 3696
790 3696
790 3696
790 3696
790 3696
790 3696
790 3696
790 3696
790 3696
790 3696
790 3696
790 26112
790 26112
790 26112
790 26112
790 26112
794 3758
794 3758
794 3758
794 3758
794 3758
794 3758
794 3758
794 3758
794 3758
794 3758
794 3758
794 3758
794 3758
794 3758
794 26209
794 26209
794 26209
794 26209
798 5171
798 5171
798 5171
798 5171
798 5171
798 5171
798 5171
798 5171
798 5171
798 5171
798 5171
798 5171
798 5171
798 5171
798 29391
798 29391
798 29391
798 29391
802 4877
802 4877
802 4877
802 4877
802 4877
802 4877
802 4877
802 4877
802 4877
802 4877
802 4877
802 4877
802 4877
802 4877
802 4877
802 4877
802 4877
802 4877
802 4877
802 26381
802 26381
802 26381
802 26381
806 4210
806 4210
806 4210
806 4210
806 4210
807 4210
807 4210
807 4210
807 4210
807 26436
807 26436
807 26436
807 26436
807 26436
810 3576
810 3576
810 3576
810 3576
810 3576
810 3576
810 3576
810 3576
810 3576
810 3576
810 3576
810 3576
810 3576
810 3576
810 26614
810 26614
810 26614
810 26614
814 4406
814 4406
814 4406
814 4406
814 4406
814 4406
814 4406
814 4406
814 4406
814 4406
814 4406
814 4406
814 4406
814 4406
814 26955
814 26955
814 26955
814 26955
814 26955
818 4333
818 4333
818 4333
818 4333
818 4333
818 4333
818 4333
818 4333
818 4333
818 4333
818 4333
818 4333
818 4333
818 27484
818 27484
818 27484
818 27484
818 27484
822 3954
822 3954
822 3954
822 3954
822 3954
822 3954
822 3954
822 3954
822 3954
822 3954
822 3954
822 3954
822 3954
822 3954
822 26481
822 26481
822 26481
822 26481
826 4228
826 4228
826 4228
826 4228
826 4228
826 4228
826 4228
826 4228
826 4228
826 4228
826 4228
826 4228
826 4228
826 4228
826 27051
826 27051
826 27051
826 27051
830 3868
830 3868
830 3868
830 3868
830 3868
830 3868
830 3868
830 3868
830 3868
830 3868
830 3868
830 3868
830 3868
830 3868
830 27026
830 27026
830 27026
830 27026
830 27026
834 4492
834 4492
834 4492
834 4492
834 4492
834 4492
834 4492
834 4492
834 4492
834 4492
834 4492
834 4492
834 4492
834 26972
834 26972
834 26972
834 26972
834 26972
838 3599
838 3599
838 3599
838 3599
838 3599
838 3599
838 3599
838 3599
838 3599
838 3599
838 3599
838 3599
838 3599
838 3599
838 26418
838 26418
838 26418
838 26418
842 3586
842 3586
842 3586
842 3586
842 3586
842 3586
842 3586
842 3586
842 3586
842 28883
842 28883
842 28883
842 28883
842 28883
846 28883
846 28883
846 28883
846 28883
846 28883
846 28883
846 28883
846 28883
846 28883
846 28883
846 28883
846 28883
846 28883
846 28883
846 26896
846 26896
846 26896
846 26896
849 4731
849 4731
849 4731
849 4731
849 4731
849 4731
849 4731
849 4731
849 4731
849 4731
849 4731
849 4731
849 4731
849 4731
849 26558
849 26558
849 26558
849 26558
853 4198
853 4198
853 4198
853 4198
853 4198
853 4198
853 4198
853 4198
853 4198
853 4198
853 4198
853 4198
853 4198
853 4198
853 26787
853 26787
853 26787
853 26787
853 26787
857 3892
857 3892
857 3892
857 3892
857 3892
857 3892
857 3892
857 3892
857 3892
857 29139
857 29139
857 29139
857 29139
861 29139
861 29139
861 29139
861 29139
861 29139
861 29139
861 29139
861 29139
861 29139
861 29139
861 29139
861 29139
861 29139
861 29139
864 29258
864 29258
864 29258
864 29258
864 29258
865 29258
865 29258
865 29258
865 29258
865 29258
865 29258
865 29258
865 29258
865 29258
865 29258
865 29258
865 29258
865 29258
865 26093
865 26093
865 26093
865 26093
865 26093
868 4506
868 4506
868 4506
868 4506
868 4506
868 4506
868 4506
868 4506
868 4506
868 4506
868 4506
868 4506
868 4506
868 4506
868 26615
868 26615
868 26615
868 26615
872 4370
872 4370
872 4370
872 4370
872 4370
872 4370
872 4370
872 4370
872 4370
872 4370
872 4370
872 4370
872 4370
872 4370
872 26155
872 26155
872 26155
872 26155
876 4006
876 4006
876 4006
876 4006
876 4006
876 4006
876 4006
876 4006
876 4006
876 4006
876 4006
876 4006
876 4006
876 4006
876 26107
876 26107
876 26107
876 26107
876 26107
880 4173
880 4173
880 4173
880 4173
880 4173
880 4173
880 4173
880 4173
880 4173
880 4173
880 4173
880 4173
880 4173
880 26816
880 26816
880 26816
880 26816
880 26816
884 4901
884 4901
884 4901
884 4901
884 4901
884 4901
884 4901
884 4901
884 4901
884 4901
884 4901
884 4901
884 4901
884 4901
884 26105
884 26105
884 26105
884 26105
888 4339
888 4339
888 4339
888 4339
888 4339
888 4339
888 4339
888 4339
888 4339
888 4339
888 4339
888 4339
888 4339
888 4339
888 26706
888 26706
888 26706
888 26706
892 4578
892 4578
892 4578
892 4578
892 4578
892 4578
892 4578
892 4578
892 4578
892 4578
892 4578
892 4578
892 4578
892 4578
892 26501
892 26501
892 26501
892 26501
892 26501
896 3987
896 3987
896 3987
896 3987
896 3987
896 3987
896 3987
896 3987
896 3987
896 3987
896 3987
896 3987
896 3987
896 26616
896 26616
896 26616
896 26616
896 26616
900 4085
900 4085
900 4085
900 4085
900 4085
900 4085
900 4085
900 4085
900 4085
900 4085
900 4085
900 4085
900 4085
900 4085
900 25424
900 25424
900 25424
900 25424
904 3636
904 3636
904 3636
904 3636
904 3636
904 3636
904 3636
904 3636
904 3636
904 3636
904 3636
904 3636
904 3636
904 3636
904 26664
904 26664
904 26664
904 26664
904 26664
908 4034
908 4034
908 4034
908 4034
908 4034
908 4034
908 4034
908 4034
908 4034
908 4034
908 4034
908 4034
908 4034
908 26404
908 26404
908 26404
908 26404
908 26404
912 3881
912 3881
912 3881
912 3881
912 3881
912 3881
912 3881
912 3881
912 3881
912 3881
912 3881
912 3881
912 3881
912 3881
912 24017
912 24017
912 24017
912 24017
916 3653
916 3653
916 3653
916 3653
916 3653
916 3653
916 3653
916 3653
916 3653
916 30618
916 30618
916 30618
916 30618
916 30618
920 30618
920 30618
920 30618
920 30618
920 30618
920 30618
920 30618
920 30618
920 30618
920 30618
920 30618
920 30618
920 30618
920 27366
920 27366
920 27366
920 27366
920 27366
923 3821
923 3821
923 3821
923 3821
923 3821
923 3821
923 3821
923 3821
923 3821
923 3821
923 3821
923 3821
923 3821
923 3821
923 26170
923 26170
923 26170
923 26170
927 3827
927 3827
927 3827
927 3827
927 3827
927 3827
927 3827
927 3827
927 3827
927 3827
927 3827
927 3827
927 3827
927 3827
927 26214
927 26214
927 26214
927 26214
927 26214
931 4782
931 4782
931 4782
931 4782
931 4782
931 4782
931 4782
931 4782
931 4782
931 4782
931 4782
931 4782
931 4782
931 28667
931 28667
931 28667
931 28667
931 28667
935 4652
935 4652
935 4652
935 4652
935 4652
935 4652
935 4652
935 4652
935 4652
935 4652
935 4652
935 4652
935 4652
935 4652
935 29337
935 29337
935 29337
935 29337
939 4497
939 4497
939 4497
939 4497
939 4497
939 4497
939 4497
939 4497
939 4497
939 4497
939 4497
939 4497
939 4497
939 4497
939 26770
939 26770
939 26770
939 26770
943 3384
943 3384
943 3384
943 3384
943 3384
943 3384
943 3384
943 3384
943 3384
943 3384
943 3384
943 3384
943 3384
943 3384
943 24756
943 24756
943 24756
943 24756
943 24756
947 3553
947 3553
947 3553
947 3553
947 3553
947 3553
947 3553
947 3553
947 3553
947 3553
947 3553
947 3553
947 3553
947 23264
947 23264
947 23264
947 23264
947 23264
951 4523
951 4523
951 4523
951 4523
951 4523
951 4523
951 4523
951 4523
951 4523
951 4523
951 4523
951 4523
951 4523
951 4523
951 26678
951 26678
951 26678
951 26678
955 4227
955 4227
955 4227
955 4227
955 4227
955 4227
955 4227
955 4227
955 4227
955 4227
955 4227
955 4227
955 4227
955 4227
955 26911
955 26911
955 26911
955 26911
959 3255
959 3255
959 3255
959 3255
959 3255
959 3255
959 3255
959 3255
959 3255
959 3255
959 3255
959 3255
959 3255
959 3255
959 26551
959 26551
959 26551
959 26551
959 26551
963 4229
963 4229
963 4229
963 4229
963 4229
963 4229
963 4229
963 4229
963 4229
963 4229
963 4229
963 4229
963 4229
963 26582
963 26582
963 26582
963 26582
963 26582
967 4132
967 4132
967 4132
967 4132
967 4132
967 4132
967 4132
967 4132
967 4132
967 4132
967 4132
967 4132
967 4132
967 4132
967 30648
967 30648
967 30648
967 30648
971 30648
971 30648
971 30648
971 30648
971 30648
971 30648
971 30648
971 30648
971 30648
972 30648
972 30648
972 30648
972 30648
972 30648
972 26937
972 26937
972 26937
972 26937
972 26937
974 3707
974 3707
974 3707
974 3707
974 3707
974 3707
974 3707
974 3707
974 3707
975 3707
975 3707
975 3707
975 3707
975 26753
975 26753
975 26753
975 26753
975 26753
978 5398
978 5398
978 5398
978 5398
978 5398
978 5398
978 5398
978 5398
978 5398
979 5398
979 5398
979 5398
979 5398
979 5398
979 5398
979 5398
979 5398
979 5398
979 26217
979 26217
979 26217
979 26217
979 26217
983 4457
983 4457
983 4457
983 4457
983 4457
983 4457
983 4457
983 4457
983 4457
984 4457
984 4457
984 4457
984 4457
984 26845
984 26845
984 26845
984 26845
984 26845
987 5215
987 5215
987 5215
987 5215
988 5215
988 5215
988 5215
988 5215
988 5215
988 27062
988 27062
988 27062
988 27062
988 27062
991 4170
991 4170
991 4170
991 4170
991 4170
991 4170
991 4170
991 4170
991 4170
991 4170
991 4170
991 4170
991 4170
995 29307
995 29307
995 29307
995 29307
995 29307
996 29307
996 29307
996 29307
996 29307
996 29307
996 29307
996 29307
996 29307
996 29307
996 29307
996 29307
996 29307
996 29307
996 29307
996 23662
996 23662
996 23662
996 23662
999 4125
999 4125
999 4125
999 4125
999 4125
999 4125
999 4125
999 4125
999 4125
999 4125
999 4125
999 4125
999 4125
999 4125
999 26793
999 26793
999 26793
999 26793
1003 3678
1003 3678
1003 3678
1003 3678
1003 3678
1003 3678
1003 3678
1003 3678
1003 3678
1003 3678
1003 3678
1003 3678
1003 3678
1003 3678
1003 27244
1003 27244
1003 27244
1003 27244
1003 27244
1007 4674
1007 4674
1007 4674
1007 4674
1007 4674
1007 4674
1007 4674
1007 4674
1007 4674
1007 24948
1007 24948
1007 24948
1007 24948
1011 24948
1011 24948
1011 24948
1011 24948
1011 24948
1011 24948
1011 24948
1011 24948
1011 24948
1011 24948
1011 24948
1011 24948
1011 24948
1011 24948
1011 26370
1011 26370
1011 26370
1011 26370
1011 26370
1014 4748
1014 4748
1014 4748
1014 4748
1014 4748
1014 4748
1014 4748
1014 4748
1014 4748
1014 4748
1014 4748
1014 4748
1014 4748
1014 26818
1014 26818
1014 26818
1014 26818
1014 26818
1018 4199
1018 4199
1018 4199
1018 4199
1018 4199
1018 4199
1018 4199
1018 4199
1018 4199
1018 4199
1018 4199
1018 4199
1018 4199
1018 4199
1018 26096
1018 26096
1018 26096
1018 26096
1022 3640
1022 3640
1022 3640
1022 3640
1022 3640
1022 3640
1022 3640
1022 3640
1022 3640
1022 3640
1022 3640
1022 3640
1022 3640
1022 3640
1022 26153
1022 26153
1022 26153
1022 26153
1026 4062
1026 4062
1026 4062
1026 4062
1026 4062
1026 4062
1026 4062
1026 4062
1026 4062
1026 4062
1026 4062
1026 4062
1026 4062
1026 4062
1026 25987
1026 25987
1026 25987
1026 25987
1026 25987
1030 3771
1030 3771
1030 3771
1030 3771
1030 3771
1030 3771
1030 3771
1030 3771
1030 3771
1030 3771
1030 3771
1030 3771
1030 3771
1030 26387
1030 26387
1030 26387
1030 26387
1030 26387
1034 3837
1034 3837
1034 3837
1034 3837
1034 3837
1034 3837
1034 3837
1034 3837
1034 3837
1034 3837
1034 3837
1034 3837
1034 3837
1034 3837
1038 28824
1038 28824
1038 28824
1038 28824
1039 28824
1039 28824
1039 28824
1039 28824
1039 28824
1039 28824
1039 28824
1039 28824
1039 28824
1039 30227
1039 30227
1039 30227
1039 30227
1039 30227
1042 30227
1042 30227
1042 30227
1042 30227
1042 30227
1042 30227
1042 30227
1042 30227
1042 30227
1042 30227
1042 30227
1042 30227
1042 30227
1042 30227
1042 26761
1042 26761
1042 26761
1042 26761
1045 3378
1045 3378
1045 3378
1045 3378
1045 3378
1045 3378
1045 3378
1045 3378
1045 3378
1045 3378
1045 3378
1045 3378
1045 3378
1045 3378
1045 26002
1045 26002
1045 26002
1045 26002
1049 4083
1049 4083
1049 4083
1049 4083
1049 4083
1049 4083
1049 4083
1049 4083
1049 4083
1049 4083
1049 4083
1049 4083
1049 4083
1049 4083
1049 25996
1049 25996
1049 25996
1049 25996
1049 25996
1053 3791
1053 3791
1053 3791
1053 3791
1053 3791
1053 3791
1053 3791
1053 3791
1053 3791
1053 3791
1053 3791
1053 3791
1053 3791
1053 26627
1053 26627
1053 26627
1053 26627
1053 26627
1057 4623
1057 4623
1057 4623
1057 4623
1057 4623
1057 4623
1057 4623
1057 4623
1057 4623
1057 4623
1057 4623
1057 4623
1057 4623
1057 4623
1061 29686
1061 29686
1061 29686
1061 29686
1062 29686
1062 29686
1062 29686
1062 29686
1062 29686
1062 29686
1062 29686
1062 29686
1062 29686
1062 29686
1062 29686
1062 29686
1062 29686
1062 29686
1062 27001
1062 27001
1062 27001
1062 27001
1062 27001
1065 4556
1065 4556
1065 4556
1065 4556
1065 4556
1065 4556
1065 4556
1065 4556
1065 4556
1065 4556
1065 4556
1065 4556
1065 4556
1065 26326
1065 26326
1065 26326
1065 26326
1065 26326
1069 4697
1069 4697
1069 4697
1069 4697
1069 4697
1069 4697
1069 4697
1069 4697
1069 4697
1069 4697
1069 4697
1069 4697
1069 4697
1069 4697
1069 24049
1069 24049
1069 24049
1069 24049
1073 3548
1073 3548
1073 3548
1073 3548
1073 3548
1073 3548
1073 3548
1073 3548
1073 3548
1073 3548
1073 3548
1073 3548
1073 3548
1073 3548
1073 26108
1073 26108
1073 26108
1073 26108
1077 4488
1077 4488
1077 4488
1077 4488
1077 4488
1077 4488
1077 4488
1077 4488
1077 4488
1077 4488
1077 4488
1077 4488
1077 4488
1077 4488
1077 26133
1077 26133
1077 26133
1077 26133
1077 26133
1081 3521
1081 3521
1081 3521
1081 3521
1081 3521
1081 3521
1081 3521
1081 3521
1081 3521
1081 3521
1081 3521
1081 3521
1081 3521
1081 26307
1081 26307
1081 26307
1081 26307
1081 26307
1085 4272
1085 4272
1085 4272
1085 4272
1085 4272
1085 4272
1085 4272
1085 4272
1085 4272
1085 4272
1085 4272
1085 4272
1085 4272
1085 4272
1085 23348
1085 23348
1085 23348
1085 23348
1089 4292
1089 4292
1089 4292
1089 4292
1089 4292
1089 4292
1089 4292
1089 4292
1089 4292
1089 4292
1089 4292
1089 4292
1089 4292
1089 4292
1089 26481
1089 26481
1089 26481
1089 26481
1093 4594
1093 4594
1093 4594
1093 4594
1093 4594
1093 4594
1093 4594
1093 4594
1093 4594
1093 4594
1093 4594
1093 4594
1093 4594
1093 4594
1093 26604
1093 26604
1093 26604
1093 26604
1093 26604
1097 4336
1097 4336
1097 4336
1097 4336
1097 4336
1097 4336
1097 4336
1097 4336
1097 4336
1097 30059
1097 30059
1097 30059
1097 30059
1101 30059
1101 30059
1101 30059
1101 30059
1101 30059
1101 30059
1101 30059
1101 30059
1101 30059
1101 30059
1101 30059
1101 30059
1101 30059
1101 30059
1101 26759
1101 26759
1101 26759
1101 26759
1101 26759
1104 4348
1104 4348
1104 4348
1104 4348
1104 4348
1104 4348
1104 4348
1104 4348
1104 4348
1104 4348
1104 4348
1104 4348
1104 4348
1104 26241
1104 26241
1104 26241
1104 26241
1104 26241
1108 4172
1108 4172
1108 4172
1108 4172
1108 4172
1108 4172
1108 4172
1108 4172
1108 4172
1108 4172
1108 4172
1108 4172
1108 4172
1108 4172
1108 26528
1108 26528
1108 26528
1108 26528
1112 4411
1112 4411
1112 4411
1112 4411
1112 4411
1112 4411
1112 4411
1112 4411
1112 4411
1112 4411
1112 4411
1112 4411
1112 4411
1112 4411
1112 26460
1112 26460
1112 26460
1112 26460
1116 4794
1116 4794
1116 4794
1116 4794
1116 4794
1116 4794
1116 4794
1116 4794
1116 4794
1116 4794
1116 4794
1116 4794
1116 4794
1116 4794
1116 21670
1116 21670
1116 21670
1116 21670
1116 21670
1120 4325
1120 4325
1120 4325
1120 4325
1120 4325
1120 4325
1120 4325
1120 4325
1120 4325
1120 29500
1120 29500
1120 29500
1120 29500
1124 29500
1124 29500
1124 29500
1124 29500
1124 29500
1124 29500
1124 29500
1124 29500
1124 29500
1124 29500
1124 29500
1124 29500
1124 29500
1124 29500
1124 26245
1124 26245
1124 26245
1124 26245
1124 26245
1127 4282
1127 4282
1127 4282
1127 4282
1127 4282
1127 4282
1127 4282
1127 4282
1127 4282
1127 4282
1127 4282
1127 4282
1127 4282
1127 26928
1127 26928
1127 26928
1127 26928
1127 26928
1131 4066
1131 4066
1131 4066
1131 4066
1131 4066
1131 4066
1131 4066
1131 4066
1131 4066
1131 4066
1131 4066
1131 4066
1131 4066
1131 4066
1131 26105
1131 26105
1131 26105
1131 26105
1135 3590
1135 3590
1135 3590
1135 3590
1135 3590
1135 3590
1135 3590
1135 3590
1135 3590
1135 3590
1135 3590
1135 3590
1135 3590
1135 3590
1135 26320
1135 26320
1135 26320
1135 26320
1135 26320
1139 4306
1139 4306
1139 4306
1139 4306
1139 4306
1139 4306
1139 4306
1139 4306
1139 4306
1139 4306
1139 4306
1139 4306
1139 4306
1139 26228
1139 26228
1139 26228
1139 26228
1139 26228
1143 4310
1143 4310
1143 4310
1143 4310
1143 4310
1143 4310
1143 4310
1143 4310
1143 4310
1143 4310
1143 4310
1143 4310
1143 4310
1147 28516
1147 28516
1147 28516
1147 28516
1147 28516
1148 28516
1148 28516
1148 28516
1148 28516
1148 28516
1148 28516
1148 28516
1148 28516
1148 28516
1148 28516
1148 28516
1148 28516
1148 28516
1148 28516
1148 26271
1148 26271
1148 26271
1148 26271
1151 4164
1151 4164
1151 4164
1151 4164
1151 4164
1151 4164
1151 4164
1151 4164
1151 4164
1151 4164
1151 4164
1151 4164
1151 4164
1151 4164
1151 26118
1151 26118
1151 26118
1151 26118
1151 26118
1155 3612
1155 3612
1155 3612
1155 3612
1155 3612
1155 3612
1155 3612
1155 3612
1155 3612
1155 3612
1155 3612
1155 3612
1155 3612
1155 26464
1155 26464
1155 26464
1155 26464
1155 26464
1159 3629
1159 3629
1159 3629
1159 3629
1159 3629
1159 3629
1159 3629
1159 3629
1159 3629
1159 3629
1159 3629
1159 3629
1159 3629
1159 3629
1159 26463
1159 26463
1159 26463
1159 26463
1163 4106
1163 4106
1163 4106
1163 4106
1163 4106
1163 4106
1163 4106
1163 4106
1163 4106
1163 4106
1163 4106
1163 4106
1163 4106
1163 4106
1163 27267
1163 27267
1163 27267
1163 27267
1167 5152
1167 5152
1167 5152
1167 5152
1167 5152
1167 5152
1167 5152
1167 5152
1167 5152
1167 5152
1167 5152
1167 5152
1167 5152
1167 5152
1171 29203
1171 29203
1171 29203
1171 29203
1171 29203
1172 29203
1172 29203
1172 29203
1172 29203
1172 29203
1172 29203
1172 29203
1172 29203
1172 29203
1172 30067
1172 30067
1172 30067
1172 30067
1175 30067
1175 30067
1175 30067
1175 30067
1175 30067
1175 30067
1175 30067
1175 30067
1175 30067
1175 30067
1175 30067
1175 30067
1175 30067
1175 30067
1175 24261
1175 24261
1175 24261
1175 24261
1175 24261
1178 4358
1178 4358
1178 4358
1178 4358
1178 4358
1178 4358
1178 4358
1178 4358
1178 4358
1178 4358
1178 4358
1178 4358
1178 4358
1178 26498
1178 26498
1178 26498
1178 26498
1178 26498
1182 3656
1182 3656
1182 3656
1182 3656
1182 3656
1182 3656
1182 3656
1182 3656
1182 3656
1182 28895
1182 28895
1182 28895
1182 28895
1182 28895
1186 28895
1186 28895
1186 28895
1186 28895
1186 28895
1186 28895
1186 28895
1186 28895
1186 28895
1186 28895
1186 28895
1186 28895
1186 28895
1186 26931
1186 26931
1186 26931
1186 26931
1186 26931
1189 3658
1189 3658
1189 3658
1189 3658
1189 3658
1189 3658
1189 3658
1189 3658
1189 3658
1189 3658
1189 3658
1189 3658
1189 3658
1189 3658
1189 26841
1189 26841
1189 26841
1189 26841
1193 3806
1193 3806
1193 3806
1193 3806
1193 3806
1193 3806
1193 3806
1193 3806
1193 3806
1193 3806
1193 3806
1193 3806
1193 3806
1193 3806
1193 26130
1193 26130
1193 26130
1193 26130
1197 4129
1197 4129
1197 4129
1197 4129
1197 4129
1197 4129
1197 4129
1197 4129
1197 4129
1197 4129
1197 4129
1197 4129
1197 4129
1197 4129
1197 26373
1197 26373
1197 26373
1197 26373
1197 26373
1201 4117
1201 4117
1201 4117
1201 4117
1201 4117
1201 4117
1201 4117
1201 4117
1201 4117
1201 4117
1201 4117
1201 4117
1201 4117
1201 25760
1201 25760
1201 25760
1201 25760
1201 25760
1205 4448
1205 4448
1205 4448
1205 4448
1205 4448
1205 4448
1205 4448
1205 4448
1205 4448
1205 4448
1205 4448
1205 4448
1205 4448
1205 4448
1205 27025
1205 27025
1205 27025
1205 27025
1209 4433
1209 4433
1209 4433
1209 4433
1209 4433
1209 4433
1209 4433
1209 4433
1209 4433
1209 4433
1209 4433
1209 4433
1209 4433
1209 4433
1209 26541
1209 26541
1209 26541
1209 26541
1213 3714
1213 3714
1213 3714
1213 3714
1213 3714
1213 3714
1213 3714
1213 3714
1213 3714
1213 3714
1213 3714
1213 3714
1213 3714
1213 3714
1213 26990
1213 26990
1213 26990
1213 26990
1213 26990
1217 4384
1217 4384
1217 4384
1217 4384
1217 4384
1217 4384
1217 4384
1217 4384
1217 4384
1217 4384
1217 4384
1217 4384
1217 4384
1217 26800
1217 26800
1217 26800
1217 26800
1217 26800
1221 3593
1221 3593
1221 3593
1221 3593
1221 3593
1221 3593
1221 3593
1221 3593
1221 3593
1221 3593
1221 3593
1221 3593
1221 3593
1221 3593
1221 26803
1221 26803
1221 26803
1221 26803
1225 4270
1225 4270
1225 4270
1225 4270
1225 4270
1225 4270
1225 4270
1225 4270
1225 4270
1225 4270
1225 4270
1225 4270
1225 4270
1225 4270
1225 26757
1225 26757
1225 26757
1225 26757
1225 26757
1229 4452
1229 4452
1229 4452
1229 4452
1229 4452
1229 4452
1229 4452
1229 4452
1229 4452
1229 4452
1229 4452
1229 4452
1229 4452
1229 26045
1229 26045
1229 26045
1229 26045
1229 26045
1233 4293
1233 4293
1233 4293
1233 4293
1233 4293
1233 4293
1233 4293
1233 4293
1233 4293
1233 4293
1233 4293
1233 4293
1233 4293
1233 4293
1233 23850
1233 23850
1233 23850
1233 23850
1237 4453
1237 4453
1237 4453
1237 4453
1237 4453
1237 4453
1237 4453
1237 4453
1237 4453
1237 4453
1237 4453
1237 4453
1237 4453
1237 4453
1237 25844
1237 25844
1237 25844
1237 25844
1241 4145
1241 4145
1241 4145
1241 4145
1241 4145
1241 4145
1241 4145
1241 4145
1241 4145
1241 4145
1241 4145
1241 4145
1241 4145
1241 4145
1241 26446
1241 26446
1241 26446
1241 26446
1241 26446
1245 4147
1245 4147
1245 4147
1245 4147
1245 4147
1245 4147
1245 4147
1245 4147
1245 4147
1245 4147
1245 4147
1245 4147
1245 4147
1245 4147
1245 4147
1245 4147
1245 4147
1245 4147
1245 26511
1245 26511
1245 26511
1245 26511
1249 4544
1249 4544
1249 4544
1249 4544
1249 4544
1249 4544
1249 4544
1249 4544
1249 4544
1249 4544
1250 4544
1250 4544
1250 4544
1250 4544
1250 26616
1250 26616
1250 26616
1250 26616
1250 26616
1253 6043
1253 6043
1253 6043
1253 6043
1254 6043
1254 6043
1254 6043
1254 6043
1254 6043
1254 26636
1254 26636
1254 26636
1254 26636
1257 4158
1257 4158
1257 4158
1257 4158
1257 4158
1257 4158
1257 4158
1257 4158
1257 4158
1257 4158
1257 4158
1257 4158
1257 4158
1257 4158
1257 27225
1257 27225
1257 27225
1257 27225
1257 27225
1261 4310
1261 4310
1261 4310
1261 4310
1261 4310
1261 4310
1261 4310
1261 4310
1261 4310
1261 29462
1261 29462
1261 29462
1261 29462
1265 29462
1265 29462
1265 29462
1265 29462
1265 29462
1265 29462
1265 29462
1265 29462
1265 29462
1265 29462
1265 29462
1265 29462
1265 29462
1265 29462
1265 26051
1265 26051
1265 26051
1265 26051
1265 26051
1268 4618
1268 4618
1268 4618
1268 4618
1268 4618
1268 4618
1268 4618
1268 4618
1268 4618
1268 4618
1268 4618
1268 4618
1268 4618
1268 27908
1268 27908
1268 27908
1268 27908
1268 27908
1272 4763
1272 4763
1272 4763
1272 4763
1272 4763
1272 4763
1272 4763
1272 4763
1272 4763
1272 4763
1272 4763
1272 4763
1272 4763
1272 4763
1272 27301
1272 27301
1272 27301
1272 27301
1276 3688
1276 3688
1276 3688
1276 3688
1276 3688
1276 3688
1276 3688
1276 3688
1276 3688
1276 3688
1276 3688
1276 3688
1276 3688
1276 3688
1276 26816
1276 26816
1276 26816
1276 26816
1280 3853
1280 3853
1280 3853
1280 3853
1280 3853
1280 3853
1280 3853
1280 3853
1280 3853
1280 3853
1280 3853
1280 3853
1280 3853
1280 3853
1280 26456
1280 26456
1280 26456
1280 26456
1280 26456
1284 4162
1284 4162
1284 4162
1284 4162
1284 4162
1284 4162
1284 4162
1284 4162
1284 4162
1284 4162
1284 4162
1284 4162
1284 4162
1284 26267
1284 26267
1284 26267
1284 26267
1284 26267
1288 3747
1288 3747
1288 3747
1288 3747
1288 3747
1288 3747
1288 3747
1288 3747
1288 3747
1288 3747
1288 3747
1288 3747
1288 3747
1288 3747
1288 24393
1288 24393
1288 24393
1288 24393
1292 3668
1292 3668
1292 3668
1292 3668
1292 3668
1292 3668
1292 3668
1292 3668
1292 3668
1292 3668
1292 3668
1292 3668
1292 3668
1292 3668
1292 26282
1292 26282
1292 26282
1292 26282
1292 26282
1296 4459
1296 4459
1296 4459
1296 4459
1296 4459
1296 4459
1296 4459
1296 4459
1296 4459
1296 4459
1296 4459
1296 4459
1296 4459
1296 26324
1296 26324
1296 26324
1296 26324
1296 26324
1300 3507
1300 3507
1300 3507
1300 3507
1300 3507
1300 3507
1300 3507
1300 3507
1300 3507
1300 3507
1300 3507
1300 3507
1300 3507
1300 26267
1300 26267
1300 26267
1300 26267
1300 26267
1304 4521
1304 4521
1304 4521
1304 4521
1304 4521
1304 4521
1304 4521
1304 4521
1304 4521
1304 4521
1304 4521
1304 4521
1304 4521
1304 4521
1304 29893
1304 29893
1304 29893
1304 29893
1308 29893
1308 29893
1308 29893
1308 29893
1308 29893
1309 29893
1309 29893
1309 29893
1309 29893
1309 20822
1309 20822
1309 20822
1309 20822
1309 20822
1311 4916
1311 4916
1311 4916
1311 4916
1311 4916
1311 4916
1311 4916
1311 4916
1311 4916
1311 4916
1311 4916
1311 4916
1311 4916
1311 4916
1311 26415
1311 26415
1311 26415
1311 26415
1315 3798
1315 3798
1315 3798
1315 3798
1315 3798
1315 3798
1315 3798
1315 3798
1315 3798
1315 3798
1315 3798
1315 3798
1315 3798
1315 3798
1315 28118
1315 28118
1315 28118
1315 28118
1315 28118
1319 4088
1319 4088
1319 4088
1319 4088
1319 4088
1319 4088
1319 4088
1319 4088
1319 4088
1319 4088
1319 4088
1319 4088
1319 4088
1319 26425
1319 26425
1319 26425
1319 26425
1319 26425
1323 3579
1323 3579
1323 3579
1323 3579
1323 3579
1323 3579
1323 3579
1323 3579
1323 3579
1323 3579
1323 3579
1323 3579
1323 3579
1323 3579
1323 24220
1323 24220
1323 24220
1323 24220
1327 4463
1327 4463
1327 4463
1327 4463
1327 4463
1327 4463
1327 4463
1327 4463
1327 4463
1327 4463
1327 4463
1327 4463
1327 4463
1327 4463
1331 29186
1331 29186
1331 29186
1331 29186
1332 29186
1332 29186
1332 29186
1332 29186
1332 29186
1332 29186
1332 29186
1332 29186
1332 29186
1332 29186
1332 29186
1332 29186
1332 29186
1332 29186
1332 25959
1332 25959
1332 25959
1332 25959
1332 25959
1335 3861
1335 3861
1335 3861
1335 3861
1335 3861
1335 3861
1335 3861
1335 3861
1335 3861
1335 3861
1335 3861
1335 3861
1335 3861
1335 26511
1335 26511
1335 26511
1335 26511
1335 26511
1339 3707
1339 3707
1339 3707
1339 3707
1339 3707
1339 3707
1339 3707
1339 3707
1339 3707
1339 3707
1339 3707
1339 3707
1339 3707
1339 3707
1343 29119
1343 29119
1343 29119
1343 29119
1344 29119
1344 29119
1344 29119
1344 29119
1344 29119
1344 29119
1344 29119
1344 29119
1344 29119
1344 29119
1344 29119
1344 29119
1344 29119
1344 29119
1344 26206
1344 26206
1344 26206
1344 26206
1347 4472
1347 4472
1347 4472
1347 4472
1347 4472
1347 4472
1347 4472
1347 4472
1347 4472
1347 4472
1347 4472
1347 4472
1347 4472
1347 4472
1347 26637
1347 26637
1347 26637
1347 26637
1347 26637
1351 3505
1351 3505
1351 3505
1351 3505
1351 3505
1351 3505
1351 3505
1351 3505
1351 3505
1351 3505
1351 3505
1351 3505
1351 3505
1351 26233
1351 26233
1351 26233
1351 26233
1351 26233
1355 4210
1355 4210
1355 4210
1355 4210
1355 4210
1355 4210
1355 4210
1355 4210
1355 4210
1355 4210
1355 4210
1355 4210
1355 4210
1355 4210
1355 27397
1355 27397
1355 27397
1355 27397
1359 3507
1359 3507
1359 3507
1359 3507
1359 3507
1359 3507
1359 3507
1359 3507
1359 3507
1359 3507
1359 3507
1359 3507
1359 3507
1359 3507
1359 26351
1359 26351
1359 26351
1359 26351
1363 4244
1363 4244
1363 4244
1363 4244
1363 4244
1363 4244
1363 4244
1363 4244
1363 4244
1363 4244
1363 4244
1363 4244
1363 4244
1363 4244
1363 26303
1363 26303
1363 26303
1363 26303
1363 26303
1367 3474
1367 3474
1367 3474
1367 3474
1367 3474
1367 3474
1367 3474
1367 3474
1367 3474
1367 3474
1367 3474
1367 3474
1367 3474
1367 25549
1367 25549
1367 25549
1367 25549
1367 25549
1371 4285
1371 4285
1371 4285
1371 4285
1371 4285
1371 4285
1371 4285
1371 4285
1371 4285
1371 4285
1371 4285
1371 4285
1371 4285
1371 4285
1371 26504
1371 26504
1371 26504
1371 26504
1375 3755
1375 3755
1375 3755
1375 3755
1375 3755
1375 3755
1375 3755
1375 3755
1375 3755
1375 3755
1375 3755
1375 3755
1375 3755
1375 3755
1375 26108
1375 26108
1375 26108
1375 26108
1375 26108
1379 4363
1379 4363
1379 4363
1379 4363
1379 4363
1379 4363
1379 4363
1379 4363
1379 4363
1379 4363
1379 4363
1379 4363
1379 4363
1379 26735
1379 26735
1379 26735
1379 26735
1379 26735
1383 4024
1383 4024
1383 4024
1383 4024
1383 4024
1383 4024
1383 4024
1383 4024
1383 4024
1383 4024
1383 4024
1383 4024
1383 4024
1383 4024
1383 26206
1383 26206
1383 26206
1383 26206
1387 4236
1387 4236
1387 4236
1387 4236
1387 4236
1387 4236
1387 4236
1387 4236
1387 4236
1387 4236
1387 4236
1387 4236
1387 4236
1387 4236
1387 26087
1387 26087
1387 26087
1387 26087
1391 4463
1391 4463
1391 4463
1391 4463
1391 4463
1391 4463
1391 4463
1391 4463
1391 4463
1391 4463
1391 4463
1391 4463
1391 4463
1391 4463
1391 26429
1391 26429
1391 26429
1391 26429
1391 26429
1395 4280
1395 4280
1395 4280
1395 4280
1395 4280
1395 4280
1395 4280
1395 4280
1395 4280
1395 4280
1395 4280
1395 4280
1395 4280
1395 26901
1395 26901
1395 26901
1395 26901
1395 26901
1399 3646
1399 3646
1399 3646
1399 3646
1399 3646
1399 3646
1399 3646
1399 3646
1399 3646
1399 3646
1399 3646
1399 3646
1399 3646
1399 3646
1399 26147
1399 26147
1399 26147
1399 26147
1403 4655
1403 4655
1403 4655
1403 4655
1403 4655
1403 4655
1403 4655
1403 4655
1403 4655
1403 4655
1403 4655
1403 4655
1403 4655
1403 4655
1403 27934
1403 27934
1403 27934
1403 27934
1407 4371
1407 4371
1407 4371
1407 4371
1407 4371
1407 4371
1407 4371
1407 4371
1407 4371
1407 4371
1407 4371
1407 4371
1407 4371
1407 4371
1407 24382
1407 24382
1407 24382
1407 24382
1407 24382
1411 3558
1411 3558
1411 3558
1411 3558
1411 3558
1411 3558
1411 3558
1411 3558
1411 3558
1411 3558
1411 3558
1411 3558
1411 3558
1411 26448
1411 26448
1411 26448
1411 26448
1411 26448
1415 3392
1415 3392
1415 3392
1415 3392
1415 3392
1415 3392
1415 3392
1415 3392
1415 3392
1415 28351
1415 28351
1415 28351
1415 28351
1415 28351
1419 28351
1419 28351
1419 28351
1419 28351
1419 28351
1419 28351
1419 28351
1419 28351
1419 28351
1419 28351
1419 28351
1419 28351
1419 28351
1419 25757
1419 25757
1419 25757
1419 25757
1419 25757
1422 4215
1422 4215
1422 4215
1422 4215
1422 4215
1422 4215
1422 4215
1422 4215
1422 4215
1422 4215
1422 4215
1422 4215
1422 4215
1422 4215
1422 26566
1422 26566
1422 26566
1422 26566
1426 4182
1426 4182
1426 4182
1426 4182
1426 4182
1426 4182
1426 4182
1426 4182
1426 4182
1426 4182
1426 4182
1426 4182
1426 4182
1426 4182
1430 28179
1430 28179
1430 28179
1430 28179
1431 28179
1431 28179
1431 28179
1431 28179
1431 28179
1431 28179
1431 28179
1431 28179
1431 28179
1431 28179
1431 28179
1431 28179
1431 28179
1431 28179
1431 26339
1431 26339
1431 26339
1431 26339
1431 26339
1434 4044
1434 4044
1434 4044
1434 4044
1434 4044
1434 4044
1434 4044
1434 4044
1434 4044
1434 4044
1434 4044
1434 4044
1434 4044
1434 26224
1434 26224
1434 26224
1434 26224
1434 26224
1438 3824
1438 3824
1438 3824
1438 3824
1438 3824
1438 3824
1438 3824
1438 3824
1438 3824
1438 29858
1438 29858
1438 29858
1438 29858
1438 29858
1442 29858
1442 29858
1442 29858
1442 29858
1442 29858
1442 29858
1442 29858
1442 29858
1442 29858
1442 29858
1442 29858
1442 29858
1442 29858
1442 27816
1442 27816
1442 27816
1442 27816
1442 27816
1445 4112
1445 4112
1445 4112
1445 4112
1445 4112
1445 4112
1445 4112
1445 4112
1445 4112
1445 4112
1445 4112
1445 4112
1445 4112
1445 4112
1445 26977
1445 26977
1445 26977
1445 26977
1449 4880
1449 4880
1449 4880
1449 4880
1449 4880
1449 4880
1449 4880
1449 4880
1449 4880
1449 4880
1449 4880
1449 4880
1449 4880
1449 4880
1449 26637
1449 26637
1449 26637
1449 26637
1453 3935
1453 3935
1453 3935
1453 3935
1453 3935
1453 3935
1453 3935
1453 3935
1453 3935
1453 3935
1453 3935
1453 3935
1453 3935
1453 3935
1453 26131
1453 26131
1453 26131
1453 26131
1453 26131
1457 3888
1457 3888
1457 3888
1457 3888
1457 3888
1457 3888
1457 3888
1457 3888
1457 3888
1457 3888
1457 3888
1457 3888
1457 3888
1457 26139
1457 26139
1457 26139
1457 26139
1457 26139
1461 3694
1461 3694
1461 3694
1461 3694
1461 3694
1461 3694
1461 3694
1461 3694
1461 3694
1461 3694
1461 3694
1461 3694
1461 3694
1461 3694
1461 26359
1461 26359
1461 26359
1461 26359
1465 4515
1465 4515
1465 4515
1465 4515
1465 4515
1465 4515
1465 4515
1465 4515
1465 4515
1465 4515
1465 4515
1465 4515
1465 4515
1465 4515
1465 26514
1465 26514
1465 26514
1465 26514
1465 26514
1469 3870
1469 3870
1469 3870
1469 3870
1469 3870
1469 3870
1469 3870
1469 3870
1469 3870
1469 3870
1469 3870
1469 3870
1469 3870
1469 26590
1469 26590
1469 26590
1469 26590
1469 26590
1473 4155
1473 4155
1473 4155
1473 4155
1473 4155
1473 4155
1473 4155
1473 4155
1473 4155
1473 4155
1473 4155
1473 4155
1473 4155
1473 26509
1473 26509
1473 26509
1473 26509
1473 26509
1477 3980
1477 3980
1477 3980
1477 3980
1477 3980
1477 3980
1477 3980
1477 3980
1477 3980
1477 3980
1477 3980
1477 3980
1477 3980
1477 3980
1477 26559
1477 26559
1477 26559
1477 26559
1481 3567
1481 3567
1481 3567
1481 3567
1481 3567
1481 3567
1481 3567
1481 3567
1481 3567
1481 3567
1481 3567
1481 3567
1481 3567
1481 3567
1481 26347
1481 26347
1481 26347
1481 26347
1481 26347
1485 3319
1485 3319
1485 3319
1485 3319
1485 3319
1485 3319
1485 3319
1485 3319
1485 3319
1485 3319
1485 3319
1485 3319
1485 3319
1485 26867
1485 26867
1485 26867
1485 26867
1485 26867
1489 4160
1489 4160
1489 4160
1489 4160
1489 4160
1489 4160
1489 4160
1489 4160
1489 4160
1489 4160
1489 4160
1489 4160
1489 4160
1489 4160
1489 26698
1489 26698
1489 26698
1489 26698
1493 3633
1493 3633
1493 3633
1493 3633
1493 3633
1493 3633
1493 3633
1493 3633
1493 3633
1493 3633
1493 3633
1493 3633
1493 3633
1493 3633
1497 29008
1497 29008
1497 29008
1497 29008
1498 29008
1498 29008
1498 29008
1498 29008
1498 29008
1498 29008
1498 29008
1498 29008
1498 29008
1498 29008
1498 29008
1498 29008
1498 29008
1498 29008
1498 26781
1498 26781
1498 26781
1498 26781
1498 26781
1501 4375
1501 4375
1501 4375
1501 4375
1501 4375
1501 4375
1501 4375
1501 4375
1501 4375
1501 4375
1501 4375
1501 4375
1501 4375
1501 26781
1501 26781
1501 26781
1501 26781
1501 26781
1505 4399
1505 4399
1505 4399
1505 4399
1505 4399
1505 4399
1505 4399
1505 4399
1505 4399
1505 4399
1505 4399
1505 4399
1505 4399
1505 4399
1505 26342
1505 26342
1505 26342
1505 26342
1509 4104
1509 4104
1509 4104
1509 4104
1509 4104
1509 4104
1509 4104
1509 4104
1509 4104
1509 4104
1509 4104
1509 4104
1509 4104
1509 4104
1509 26247
1509 26247
1509 26247
1509 26247
1513 3667
1513 3667
1513 3667
1513 3667
1513 3667
1513 3667
1513 3667
1513 3667
1513 3667
1513 3667
1513 3667
1513 3667
1513 3667
1513 3667
1513 26297
1513 26297
1513 26297
1513 26297
1513 26297
1517 4230
1517 4230
1517 4230
1517 4230
1517 4230
1517 4230
1517 4230
1517 4230
1517 4230
1517 4230
1517 4230
1517 4230
1517 4230
1517 26023
1517 26023
1517 26023
1517 26023
1517 26023
1521 3669
1521 3669
1521 3669
1521 3669
1521 3669
1521 3669
1521 3669
1521 3669
1521 3669
1521 29817
1521 29817
1521 29817
1521 29817
1521 29817
1525 29817
1525 29817
1525 29817
1525 29817
1525 29817
1525 29817
1525 29817
1525 29817
1525 29817
1525 29817
1525 29817
1525 29817
1525 29817
1525 26766
1525 26766
1525 26766
1525 26766
1525 26766
1528 4570
1528 4570
1528 4570
1528 4570
1528 4570
1528 4570
1528 4570
1528 4570
1528 4570
1528 4570
1528 4570
1528 4570
1528 4570
1528 4570
1528 26758
1528 26758
1528 26758
1528 26758
1532 4448
1532 4448
1532 4448
1532 4448
1532 4448
1532 4448
1532 4448
1532 4448
1532 4448
1532 4448
1532 4448
1532 4448
1532 4448
1532 4448
1532 26901
1532 26901
1532 26901
1532 26901
1536 4501
1536 4501
1536 4501
1536 4501
1536 4501
1536 4501
1536 4501
1536 4501
1536 4501
1536 4501
1536 4501
1536 4501
1536 4501
1536 4501
1536 26611
1536 26611
1536 26611
1536 26611
1536 26611
1540 4207
1540 4207
1540 4207
1540 4207
1540 4207
1540 4207
1540 4207
1540 4207
1540 4207
1540 4207
1540 4207
1540 4207
1540 4207
1540 26889
1540 26889
1540 26889
1540 26889
1540 26889
1544 3685
1544 3685
1544 3685
1544 3685
1544 3685
1544 3685
1544 3685
1544 3685
1544 3685
1544 3685
1544 3685
1544 3685
1544 3685
1544 3685
1544 26534
1544 26534
1544 26534
1544 26534
1548 3596
1548 3596
1548 3596
1548 3596
1548 3596
1548 3596
1548 3596
1548 3596
1548 3596
1548 3596
1548 3596
1548 3596
1548 3596
1548 3596
1548 26684
1548 26684
1548 26684
1548 26684
1548 26684
1552 3504
1552 3504
1552 3504
1552 3504
1552 3504
1552 3504
1552 3504
1552 3504
1552 3504
1552 3504
1552 3504
1552 3504
1552 3504
1552 25929
1552 25929
1552 25929
1552 25929
1552 25929
1556 4682
1556 4682
1556 4682
1556 4682
1556 4682
1556 4682
1556 4682
1556 4682
1556 4682
1556 4682
1556 4682
1556 4682
1556 4682
1556 4682
1556 23502
1556 23502
1556 23502
1556 23502
1560 3880
1560 3880
1560 3880
1560 3880
1560 3880
1560 3880
1560 3880
1560 3880
1560 3880
1560 28886
1560 28886
1560 28886
1560 28886
1560 28886
1564 28886
1564 28886
1564 28886
1564 28886
1564 28886
1564 28886
1564 28886
1564 28886
1564 28886
1564 28886
1564 28886
1564 28886
1564 28886
1564 28886
1564 26448
1564 26448
1564 26448
1564 26448
1567 3624
1567 3624
1567 3624
1567 3624
1567 3624
1567 3624
1567 3624
1567 3624
1567 3624
1567 3624
1567 3624
1567 3624
1567 3624
1567 3624
1567 26508
1567 26508
1567 26508
1567 26508
1571 4345
1571 4345
1571 4345
1571 4345
1571 4345
1571 4345
1571 4345
1571 4345
1571 4345
1571 4345
1571 4345
1571 4345
1571 4345
1571 4345
1571 24900
1571 24900
1571 24900
1571 24900
1571 24900
1575 3581
1575 3581
1575 3581
1575 3581
1575 3581
1575 3581
1575 3581
1575 3581
1575 3581
1575 3581
1575 3581
1575 3581
1575 3581
1575 26508
1575 26508
1575 26508
1575 26508
1575 26508
1579 4702
1579 4702
1579 4702
1579 4702
1579 4702
1579 4702
1579 4702
1579 4702
1579 4702
1579 4702
1579 4702
1579 4702
1579 4702
1579 4702
1579 22154
1579 22154
1579 22154
1579 22154
1583 3625
1583 3625
1583 3625
1583 3625
1583 3625
1583 3625
1583 3625
1583 3625
1583 3625
1583 3625
1583 3625
1583 3625
1583 3625
1583 3625
1583 26061
1583 26061
1583 26061
1583 26061
1587 3893
1587 3893
1587 3893
1587 3893
1587 3893
1587 3893
1587 3893
1587 3893
1587 3893
1587 3893
1587 3893
1587 3893
1587 3893
1587 3893
1587 26571
1587 26571
1587 26571
1587 26571
1587 26571
1591 3748
1591 3748
1591 3748
1591 3748
1591 3748
1591 3748
1591 3748
1591 3748
1591 3748
1591 3748
1591 3748
1591 3748
1591 3748
1591 27076
1591 27076
1591 27076
1591 27076
1591 27076
1595 3737
1595 3737
1595 3737
1595 3737
1595 3737
1595 3737
1595 3737
1595 3737
1595 3737
1595 3737
1595 3737
1595 3737
1595 3737
1595 3737
1595 26078
1595 26078
1595 26078
1595 26078
1599 3862
1599 3862
1599 3862
1599 3862
1599 3862
1599 3862
1599 3862
1599 3862
1599 3862
1599 3862
1599 3862
1599 3862
1599 3862
1599 3862
1599 26150
1599 26150
1599 26150
1599 26150
1603 3485
1603 3485
1603 3485
1603 3485
1603 3485
1603 3485
1603 3485
1603 3485
1603 3485
1603 3485
1603 3485
1603 3485
1603 3485
1603 3485
1603 26748
1603 26748
1603 26748
1603 26748
1603 26748
1607 4902
1607 4902
1607 4902
1607 4902
1607 4902
1607 4902
1607 4902
1607 4902
1607 4902
1607 4902
1607 4902
1607 4902
1607 4902
1607 26287
1607 26287
1607 26287
1607 26287
1607 26287
1611 4233
1611 4233
1611 4233
1611 4233
1611 4233
1611 4233
1611 4233
1611 4233
1611 4233
1611 4233
1611 4233
1611 4233
1611 4233
1611 4233
1611 26844
1611 26844
1611 26844
1611 26844
1615 4590
1615 4590
1615 4590
1615 4590
1615 4590
1615 4590
1615 4590
1615 4590
1615 4590
1615 4590
1615 4590
1615 4590
1615 4590
1615 4590
1615 26522
1615 26522
1615 26522
1615 26522
1615 26522
1619 3629
1619 3629
1619 3629
1619 3629
1619 3629
1619 3629
1619 3629
1619 3629
1619 3629
1619 3629
1619 3629
1619 3629
1619 3629
1619 26092
1619 26092
1619 26092
1619 26092
1619 26092
1623 4701
1623 4701
1623 4701
1623 4701
1623 4701
1623 4701
1623 4701
1623 4701
1623 4701
1623 4701
1623 4701
1623 4701
1623 4701
1623 4701
1623 26434
1623 26434
1623 26434
1623 26434
1627 4128
1627 4128
1627 4128
1627 4128
1627 4128
1627 4128
1627 4128
1627 4128
1627 4128
1627 4128
1627 4128
1627 4128
1627 4128
1627 4128
1627 26323
1627 26323
1627 26323
1627 26323
1631 4339
1631 4339
1631 4339
1631 4339
1631 4339
1631 4339
1631 4339
1631 4339
1631 4339
1631 4339
1631 4339
1631 4339
1631 4339
1631 4339
1631 26551
1631 26551
1631 26551
1631 26551
1631 26551
1635 3953
1635 3953
1635 3953
1635 3953
1635 3953
1635 3953
1635 3953
1635 3953
1635 3953
1635 3953
1635 3953
1635 3953
1635 3953
1635 26288
1635 26288
1635 26288
1635 26288
1635 26288
1639 4239
1639 4239
1639 4239
1639 4239
1639 4239
1639 4239
1639 4239
1639 4239
1639 4239
1639 4239
1639 4239
1639 4239
1639 4239
1639 4239
1639 26032
1639 26032
1639 26032
1639 26032
1643 3632
1643 3632
1643 3632
1643 3632
1643 3632
1643 3632
1643 3632
1643 3632
1643 3632
1643 3632
1643 3632
1643 3632
1643 3632
1643 3632
1643 26304
1643 26304
1643 26304
1643 26304
1647 3975
1647 3975
1647 3975
1647 3975
1647 3975
1647 3975
1647 3975
1647 3975
1647 3975
1647 3975
1647 3975
1647 3975
1647 3975
1647 3975
1647 26212
1647 26212
1647 26212
1647 26212
1647 26212
1651 3983
1651 3983
1651 3983
1651 3983
1651 3983
1651 3983
1651 3983
1651 3983
1651 3983
1651 3983
1651 3983
1651 3983
1651 3983
1651 26623
1651 26623
1651 26623
1651 26623
1651 26623
1655 3715
1655 3715
1655 3715
1655 3715
1655 3715
1655 3715
1655 3715
1655 3715
1655 3715
1655 3715
1655 3715
1655 3715
1655 3715
1655 3715
1655 26321
1655 26321
1655 26321
1655 26321
1659 4377
1659 4377
1659 4377
1659 4377
1659 4377
1659 4377
1659 4377
1659 4377
1659 4377
1659 4377
1659 4377
1659 4377
1659 4377
1659 4377
1659 25952
1659 25952
1659 25952
1659 25952
1663 3797
1663 3797
1663 3797
1663 3797
1663 3797
1663 3797
1663 3797
1663 3797
1663 3797
1663 3797
1663 30497
1663 30497
1663 30497
1663 30497
1667 30497
1667 30497
1667 30497
1667 30497
1667 30497
1667 30497
1667 30497
1667 30497
1667 30497
1667 30497
1667 30497
1667 30497
1667 30497
1667 30497
1670 29141
1670 29141
1670 29141
1670 29141
1671 29141
1671 29141
1671 29141
1671 29141
1671 29141
1671 29141
1671 29141
1671 29141
1671 29141
1671 29141
1671 29141
1671 29141
1671 29141
1671 29141
1671 26255
1671 26255
1671 26255
1671 26255
1671 26255
1674 3759
1674 3759
1674 3759
1674 3759
1674 3759
1674 3759
1674 3759
1674 3759
1674 3759
1674 28931
1674 28931
1674 28931
1674 28931
1678 28931
1678 28931
1678 28931
1678 28931
1678 28931
1678 28931
1678 28931
1678 28931
1678 28931
1678 28931
1678 28931
1678 28931
1678 28931
1678 28931
1678 26716
1678 26716
1678 26716
1678 26716
1678 26716
1681 4407
1681 4407
1681 4407
1681 4407
1681 4407
1681 4407
1681 4407
1681 4407
1681 4407
1681 4407
1681 4407
1681 4407
1681 4407
1681 26409
1681 26409
1681 26409
1681 26409
1681 26409
1685 4017
1685 4017
1685 4017
1685 4017
1685 4017
1685 4017
1685 4017
1685 4017
1685 4017
1685 4017
1685 4017
1685 4017
1685 4017
1685 4017
1685 26432
1685 26432
1685 26432
1685 26432
1689 3806
1689 3806
1689 3806
1689 3806
1689 3806
1689 3806
1689 3806
1689 3806
1689 3806
1689 3806
1689 3806
1689 3806
1689 3806
1689 3806
1689 26629
1689 26629
1689 26629
1689 26629
1693 4575
1693 4575
1693 4575
1693 4575
1693 4575
1693 4575
1693 4575
1693 4575
1693 4575
1693 4575
1693 4575
1693 4575
1693 4575
1693 4575
1697 30420
1697 30420
1697 30420
1697 30420
1697 30420
1698 30420
1698 30420
1698 30420
1698 30420
1698 30420
1698 30420
1698 30420
1698 30420
1698 30420
1698 30420
1698 30420
1698 30420
1698 30420
1698 25864
1698 25864
1698 25864
1698 25864
1698 25864
1701 4053
1701 4053
1701 4053
1701 4053
1701 4053
1701 4053
1701 4053
1701 4053
1701 4053
1701 4053
1701 4053
1701 4053
1701 4053
1701 4053
1701 26012
1701 26012
1701 26012
1701 26012
1705 4021
1705 4021
1705 4021
1705 4021
1705 4021
1705 4021
1705 4021
1705 4021
1705 4021
1705 29363
1705 29363
1705 29363
1705 29363
1705 29363
1709 29363
1709 29363
1709 29363
1709 29363
1709 29363
1709 29363
1709 29363
1709 29363
1709 29363
1709 29363
1709 29363
1709 29363
1709 29363
1709 29363
1709 25980
1709 25980
1709 25980
1709 25980
1712 4265
1712 4265
1712 4265
1712 4265
1712 4265
1712 4265
1712 4265
1712 4265
1712 4265
1712 4265
1712 4265
1712 4265
1712 4265
1712 4265
1712 26837
1712 26837
1712 26837
1712 26837
1712 26837
1716 3631
1716 3631
1716 3631
1716 3631
1716 3631
1716 3631
1716 3631
1716 3631
1716 3631
1716 3631
1716 3631
1716 3631
1716 3631
1716 26453
1716 26453
1716 26453
1716 26453
1716 26453
1720 4491
1720 4491
1720 4491
1720 4491
1720 4491
1720 4491
1720 4491
1720 4491
1720 4491
1720 4491
1720 4491
1720 4491
1720 4491
1720 26169
1720 26169
1720 26169
1720 26169
1720 26169
1724 3546
1724 3546
1724 3546
1724 3546
1724 3546
1724 3546
1724 3546
1724 3546
1724 3546
1724 3546
1724 3546
1724 3546
1724 3546
1724 3546
1724 25493
1724 25493
1724 25493
1724 25493
1728 3705
1728 3705
1728 3705
1728 3705
1728 3705
1728 3705
1728 3705
1728 3705
1728 3705
1728 3705
1728 3705
1728 3705
1728 3705
1728 3705
1728 26610
1728 26610
1728 26610
1728 26610
1728 26610
1732 3740
1732 3740
1732 3740
1732 3740
1732 3740
1732 3740
1732 3740
1732 3740
1732 3740
1732 3740
1732 3740
1732 3740
1732 3740
1732 26224
1732 26224
1732 26224
1732 26224
1732 26224
1736 3691
1736 3691
1736 3691
1736 3691
1736 3691
1736 3691
1736 3691
1736 3691
1736 3691
1736 3691
1736 3691
1736 3691
1736 3691
1736 3691
1736 26476
1736 26476
1736 26476
1736 26476
1740 3405
1740 3405
1740 3405
1740 3405
1740 3405
1740 3405
1740 3405
1740 3405
1740 3405
1740 3405
1740 3405
1740 3405
1740 3405
1740 3405
1740 25726
1740 25726
1740 25726
1740 25726
1744 4701
1744 4701
1744 4701
1744 4701
1744 4701
1744 4701
1744 4701
1744 4701
1744 4701
1744 4701
1744 4701
1744 4701
1744 4701
1744 4701
1744 26536
1744 26536
1744 26536
1744 26536
1744 26536
1748 4195
1748 4195
1748 4195
1748 4195
1748 4195
1748 4195
1748 4195
1748 4195
1748 4195
1748 4195
1748 4195
1748 4195
1748 4195
1748 26143
1748 26143
1748 26143
1748 26143
1748 26143
1752 3562
1752 3562
1752 3562
1752 3562
1752 3562
1752 3562
1752 3562
1752 3562
1752 3562
1752 3562
1752 3562
1752 3562
1752 3562
1752 3562
1752 26860
1752 26860
1752 26860
1752 26860
1756 3491
1756 3491
1756 3491
1756 3491
1756 3491
1756 3491
1756 3491
1756 3491
1756 3491
1756 3491
1756 3491
1756 3491
1756 3491
1756 3491
1756 26542
1756 26542
1756 26542
1756 26542
1760 4228
1760 4228
1760 4228
1760 4228
1760 4228
1760 4228
1760 4228
1760 4228
1760 4228
1760 4228
1760 4228
1760 4228
1760 4228
1760 4228
1760 27356
1760 27356
1760 27356
1760 27356
1760 27356
1764 4011
1764 4011
1764 4011
1764 4011
1764 4011
1764 4011
1764 4011
1764 4011
1764 4011
1764 4011
1764 4011
1764 4011
1764 4011
1764 27773
1764 27773
1764 27773
1764 27773
1764 27773
1768 10665
1768 10665
1768 10665
1768 10665
1768 10665
1768 10665
1768 10665
1768 10665
1768 10665
1768 10665
1768 10665
1768 10665
1768 10665
1768 10665
1768 26377
1768 26377
1768 26377
1768 26377
1772 3379
1772 3379
1772 3379
1772 3379
1772 3379
1772 3379
1772 3379
1772 3379
1772 3379
1772 3379
1772 3379
1772 3379
1772 3379
1772 3379
1776 28332
1776 28332
1776 28332
1776 28332
1776 28332
1777 28332
1777 28332
1777 28332
1777 28332
1777 28332
1777 28332
1777 28332
1777 28332
1777 28332
1777 28332
1777 28332
1777 28332
1777 28332
1777 26507
1777 26507
1777 26507
1777 26507
1777 26507
1780 4296
1780 4296
1780 4296
1780 4296
1780 4296
1780 4296
1780 4296
1780 4296
1780 4296
1780 4296
1780 4296
1780 4296
1780 4296
1780 26274
1780 26274
1780 26274
1780 26274
1780 26274
1784 4317
1784 4317
1784 4317
1784 4317
1784 4317
1784 4317
1784 4317
1784 4317
1784 4317
1784 4317
1784 4317
1784 4317
1784 4317
1784 4317
1784 26627
1784 26627
1784 26627
1784 26627
1788 3402
1788 3402
1788 3402
1788 3402
1788 3402
1788 3402
1788 3402
1788 3402
1788 3402
1788 3402
1788 3402
1788 3402
1788 3402
1788 3402
1788 25640
1788 25640
1788 25640
1788 25640
1788 25640
1792 4504
1792 4504
1792 4504
1792 4504
1792 4504
1792 4504
1792 4504
1792 4504
1792 4504
1792 4504
1792 4504
1792 4504
1792 4504
1792 23852
1792 23852
1792 23852
1792 23852
1792 23852
1796 3671
1796 3671
1796 3671
1796 3671
1796 3671
1796 3671
1796 3671
1796 3671
1796 3671
1796 3671
1796 3671
1796 3671
1796 3671
1796 3671
1796 26568
1796 26568
1796 26568
1796 26568
1800 3634
1800 3634
1800 3634
1800 3634
1800 3634
1800 3634
1800 3634
1800 3634
1800 3634
1800 3634
1800 3634
1800 3634
1800 3634
1800 3634
1800 26929
1800 26929
1800 26929
1800 26929
1804 4223
1804 4223
1804 4223
1804 4223
1804 4223
1804 4223
1804 4223
1804 4223
1804 4223
1804 4223
1804 4223
1804 4223
1804 4223
1804 4223
1804 25425
1804 25425
1804 25425
1804 25425
1804 25425
1808 3864
1808 3864
1808 3864
1808 3864
1808 3864
1808 3864
1808 3864
1808 3864
1808 3864
1808 3864
1808 3864
1808 3864
1808 3864
1808 26131
1808 26131
1808 26131
1808 26131
1808 26131
1812 4123
1812 4123
1812 4123
1812 4123
1812 4123
1812 4123
1812 4123
1812 4123
1812 4123
1812 4123
1812 4123
1812 4123
1812 4123
1812 4123
1812 25987
1812 25987
1812 25987
1812 25987
1816 3675
1816 3675
1816 3675
1816 3675
1816 3675
1816 3675
1816 3675
1816 3675
1816 3675
1816 3675
1816 3675
1816 3675
1816 3675
1816 3675
1816 26158
1816 26158
1816 26158
1816 26158
1820 4195
1820 4195
1820 4195
1820 4195
1820 4195
1820 4195
1820 4195
1820 4195
1820 4195
1820 4195
1820 4195
1820 4195
1820 4195
1820 4195
1820 26408
1820 26408
1820 26408
1820 26408
1820 26408
1824 3487
1824 3487
1824 3487
1824 3487
1824 3487
1824 3487
1824 3487
1824 3487
1824 3487
1824 3487
1824 3487
1824 3487
1824 3487
1824 23826
1824 23826
1824 23826
1824 23826
1824 23826
1828 3744
1828 3744
1828 3744
1828 3744
1828 3744
1828 3744
1828 3744
1828 3744
1828 3744
1828 3744
1828 3744
1828 3744
1828 3744
1828 3744
1828 26606
1828 26606
1828 26606
1828 26606
1832 3651
1832 3651
1832 3651
1832 3651
1832 3651
1832 3651
1832 3651
1832 3651
1832 3651
1832 3651
1832 3651
1832 3651
1832 3651
1832 3651
1832 23764
1832 23764
1832 23764
1832 23764
1832 23764
1836 3647
1836 3647
1836 3647
1836 3647
1836 3647
1836 3647
1836 3647
1836 3647
1836 3647
1836 3647
1836 3647
1836 3647
1836 3647
1836 26522
1836 26522
1836 26522
1836 26522
1836 26522
1840 3563
1840 3563
1840 3563
1840 3563
1840 3563
1840 3563
1840 3563
1840 3563
1840 3563
1840 3563
1840 3563
1840 3563
1840 3563
1840 25674
1840 25674
1840 25674
1840 25674
1840 25674
1844 3620
1844 3620
1844 3620
1844 3620
1844 3620
1844 3620
1844 3620
1844 3620
1844 3620
1844 3620
1844 3620
1844 3620
1844 3620
1844 3620
1844 27133
1844 27133
1844 27133
1844 27133
1848 4469
1848 4469
1848 4469
1848 4469
1848 4469
1848 4469
1848 4469
1848 4469
1848 4469
1848 4469
1848 4469
1848 4469
1848 4469
1848 4469
1848 25614
1848 25614
1848 25614
1848 25614
1848 25614
1852 3501
1852 3501
1852 3501
1852 3501
1852 3501
1852 3501
1852 3501
1852 3501
1852 3501
1852 3501
1852 3501
1852 3501
1852 3501
1852 27109
1852 27109
1852 27109
1852 27109
1852 27109
1856 3968
1856 3968
1856 3968
1856 3968
1856 3968
1856 3968
1856 3968
1856 3968
1856 3968
1856 3968
1856 3968
1856 3968
1856 3968
1856 3968
1856 23470
1856 23470
1856 23470
1856 23470
1860 3608
1860 3608
1860 3608
1860 3608
1860 3608
1860 3608
1860 3608
1860 3608
1860 3608
1860 3608
1860 3608
1860 3608
1860 3608
1860 3608
1860 26681
1860 26681
1860 26681
1860 26681
1864 3636
1864 3636
1864 3636
1864 3636
1864 3636
1864 3636
1864 3636
1864 3636
1864 3636
1864 3636
1864 3636
1864 3636
1864 3636
1864 3636
1864 26485
1864 26485
1864 26485
1864 26485
1864 26485
1868 3669
1868 3669
1868 3669
1868 3669
1868 3669
1868 3669
1868 3669
1868 3669
1868 3669
1868 3669
1868 3669
1868 3669
1868 3669
1872 29785
1872 29785
1872 29785
1872 29785
1872 29785
1873 29785
1873 29785
1873 29785
1873 29785
1873 29785
1873 29785
1873 29785
1873 29785
1873 29785
1873 29785
1873 29785
1873 29785
1873 29785
1873 29785
1873 26385
1873 26385
1873 26385
1873 26385
1876 3650
1876 3650
1876 3650
1876 3650
1876 3650
1876 3650
1876 3650
1876 3650
1876 3650
1876 3650
1876 3650
1876 3650
1876 3650
1876 3650
1876 26362
1876 26362
1876 26362
1876 26362
1880 4285
1880 4285
1880 4285
1880 4285
1880 4285
1880 4285
1880 4285
1880 4285
1880 4285
1880 4285
1880 4285
1880 4285
1880 4285
1880 4285
1880 26844
1880 26844
1880 26844
1880 26844
1880 26844
1884 3694
1884 3694
1884 3694
1884 3694
1884 3694
1884 3694
1884 3694
1884 3694
1884 3694
1884 3694
1884 3694
1884 3694
1884 3694
1884 26557
1884 26557
1884 26557
1884 26557
1884 26557
1888 4624
1888 4624
1888 4624
1888 4624
1888 4624
1888 4624
1888 4624
1888 4624
1888 4624
1888 4624
1888 4624
1888 4624
1888 4624
1888 4624
1888 28879
1888 28879
1888 28879
1888 28879
1892 4314
1892 4314
1892 4314
1892 4314
1892 4314
1892 4314
1892 4314
1892 4314
1892 4314
1892 4314
1892 4314
1892 4314
1892 4314
1892 4314
1892 26234
1892 26234
1892 26234
1892 26234
1892 26234
1896 3376
1896 3376
1896 3376
1896 3376
1896 3376
1896 3376
1896 3376
1896 3376
1896 3376
1896 3376
1896 3376
1896 3376
1896 3376
1896 23939
1896 23939
1896 23939
1896 23939
1896 23939
1900 3637
1900 3637
1900 3637
1900 3637
1900 3637
1900 3637
1900 3637
1900 3637
1900 3637
1900 3637
1900 3637
1900 3637
1900 3637
1900 3637
1900 26827
1900 26827
1900 26827
1900 26827
1904 3699
1904 3699
1904 3699
1904 3699
1904 3699
1904 3699
1904 3699
1904 3699
1904 3699
1904 3699
1904 3699
1904 3699
1904 3699
1904 3699
1904 26534
1904 26534
1904 26534
1904 26534
1908 4246
1908 4246
1908 4246
1908 4246
1908 4246
1908 4246
1908 4246
1908 4246
1908 4246
1908 4246
1908 4246
1908 4246
1908 4246
1908 4246
1912 28434
1912 28434
1912 28434
1912 28434
1912 28434
1913 28434
1913 28434
1913 28434
1913 28434
1913 28434
1913 28434
1913 28434
1913 28434
1913 28434
1913 28434
1913 28434
1913 28434
1913 28434
1913 25018
1913 25018
1913 25018
1913 25018
1913 25018
1916 4464
1916 4464
1916 4464
1916 4464
1916 4464
1916 4464
1916 4464
1916 4464
1916 4464
1916 4464
1916 4464
1916 4464
1916 4464
1916 4464
1916 26388
1916 26388
1916 26388
1916 26388
1920 4120
1920 4120
1920 4120
1920 4120
1920 4120
1920 4120
1920 4120
1920 4120
1920 4120
1920 4120
1920 4120
1920 4120
1920 4120
1920 4120
1920 26207
1920 26207
1920 26207
1920 26207
1924 4095
1924 4095
1924 4095
1924 4095
1924 4095
1924 4095
1924 4095
1924 4095
1924 4095
1924 4095
1924 4095
1924 4095
1924 4095
1924 4095
1924 26031
1924 26031
1924 26031
1924 26031
1924 26031
1928 3373
1928 3373
1928 3373
1928 3373
1928 3373
1928 3373
1928 3373
1928 3373
1928 3373
1928 3373
1928 3373
1928 3373
1928 3373
1928 26392
1928 26392
1928 26392
1928 26392
1928 26392
1932 4196
1932 4196
1932 4196
1932 4196
1932 4196
1932 4196
1932 4196
1932 4196
1932 4196
1932 4196
1932 4196
1932 4196
1932 4196
1932 4196
1932 26191
1932 26191
1932 26191
1932 26191
1936 3754
1936 3754
1936 3754
1936 3754
1936 3754
1936 3754
1936 3754
1936 3754
1936 3754
1936 3754
1936 3754
1936 3754
1936 3754
1936 3754
1940 30168
1940 30168
1940 30168
1940 30168
1941 30168
1941 30168
1941 30168
1941 30168
1941 30168
1941 30168
1941 30168
1941 30168
1941 30168
1941 30168
1941 30168
1941 30168
1941 30168
1941 30168
1941 27185
1941 27185
1941 27185
1941 27185
1941 27185
1944 4738
1944 4738
1944 4738
1944 4738
1944 4738
1944 4738
1944 4738
1944 4738
1944 4738
1944 4738
1944 4738
1944 4738
1944 4738
1944 26138
1944 26138
1944 26138
1944 26138
1944 26138
1948 3674
1948 3674
1948 3674
1948 3674
1948 3674
1948 3674
1948 3674
1948 3674
1948 3674
1948 3674
1948 3674
1948 3674
1948 3674
1948 3674
1948 26388
1948 26388
1948 26388
1948 26388
1952 4225
1952 4225
1952 4225
1952 4225
1952 4225
1952 4225
1952 4225
1952 4225
1952 4225
1952 28774
1952 28774
1952 28774
1952 28774
1952 28774
1956 28774
1956 28774
1956 28774
1956 28774
1956 28774
1956 28774
1956 28774
1956 28774
1956 28774
1956 28774
1956 28774
1956 28774
1956 28774
1956 28774
1956 27395
1956 27395
1956 27395
1956 27395
1959 4287
1959 4287
1959 4287
1959 4287
1959 4287
1959 4287
1959 4287
1959 4287
1959 4287
1959 4287
1959 4287
1959 4287
1959 4287
1959 4287
1959 26478
1959 26478
1959 26478
1959 26478
1959 26478
1963 4080
1963 4080
1963 4080
1963 4080
1963 4080
1963 4080
1963 4080
1963 4080
1963 4080
1963 4080
1963 4080
1963 4080
1963 4080
1963 26430
1963 26430
1963 26430
1963 26430
1963 26430
1967 3823
1967 3823
1967 3823
1967 3823
1967 3823
1967 3823
1967 3823
1967 3823
1967 3823
1967 3823
1967 3823
1967 3823
1967 3823
1967 27168
1967 27168
1967 27168
1967 27168
1967 27168
1971 4416
1971 4416
1971 4416
1971 4416
1971 4416
1971 4416
1971 4416
1971 4416
1971 4416
1971 4416
1971 4416
1971 4416
1971 4416
1971 4416
1971 26094
1971 26094
1971 26094
1971 26094
1975 4272
1975 4272
1975 4272
1975 4272
1975 4272
1975 4272
1975 4272
1975 4272
1975 4272
1975 4272
1975 4272
1975 4272
1975 4272
1975 4272
1975 26322
1975 26322
1975 26322
1975 26322
1975 26322
1979 3384
1979 3384
1979 3384
1979 3384
1979 3384
1979 3384
1979 3384
1979 3384
1979 3384
1979 3384
1979 3384
1979 3384
1979 3384
1979 25225
1979 25225
1979 25225
1979 25225
1979 25225
1983 4342
1983 4342
1983 4342
1983 4342
1983 4342
1983 4342
1983 4342
1983 4342
1983 4342
1983 4342
1983 4342
1983 4342
1983 4342
1983 4342
1983 26574
1983 26574
1983 26574
1983 26574
1987 4126
1987 4126
1987 4126
1987 4126
1987 4126
1987 4126
1987 4126
1987 4126
1987 4126
1987 4126
1987 4126
1987 4126
1987 4126
1987 4126
1987 4126
1987 4126
1987 4126
1987 4126
1987 26440
1987 26440
1987 26440
1987 26440
1987 26440
1991 3940
1991 3940
1991 3940
1991 3940
1991 3940
1991 3940
1991 3940
1991 3940
1991 3940
1992 3940
1992 3940
1992 3940
1992 3940
1992 3940
1995 28228
1995 28228
1995 28228
1995 28228
1995 28228
1995 28228
1995 28228
1995 28228
1995 28228
1995 25999
1995 25999
1995 25999
1995 25999
1997 4107
1997 4107
1997 4107
1997 4107
1997 4107
1998 4107
1998 4107
1998 4107
1998 4107
1998 4107
1998 26766
1998 26766
1998 26766
1998 26766
2001 3616
2001 3616
2001 3616
2001 3616
2001 3616
2001 3616
2001 3616
2001 3616
2001 3616
2001 3616
2001 3616
2001 3616
2001 3616
2001 3616
2001 26480
2001 26480
2001 26480
2001 26480
2005 3608
2005 3608
2005 3608
2005 3608
2005 3608
2005 3608
2005 3608
2005 3608
2005 3608
2005 3608
2005 3608
2005 3608
2005 3608
2005 3608
2005 25803
2005 25803
2005 25803
2005 25803
2005 25803
2009 4696
2009 4696
2009 4696
2009 4696
2009 4696
2009 4696
2009 4696
2009 4696
2009 4696
2009 4696
2009 4696
2009 4696
2009 4696
2013 29072
2013 29072
2013 29072
2013 29072
2013 29072
2014 29072
2014 29072
2014 29072
2014 29072
2014 29072
2014 29072
2014 29072
2014 29072
2014 29072
2014 29072
2014 29072
2014 29072
2014 29072
2014 29072
2014 26472
2014 26472
2014 26472
2014 26472
2017 4473
2017 4473
2017 4473
2017 4473
2017 4473
2017 4473
2017 4473
2017 4473
2017 4473
2017 4473
2017 4473
2017 4473
2017 4473
2017 4473
2017 26051
2017 26051
2017 26051
2017 26051
2021 3944
2021 3944
2021 3944
2021 3944
2021 3944
2021 3944
2021 3944
2021 3944
2021 3944
2021 3944
2021 3944
2021 3944
2021 3944
2021 3944
2021 26526
2021 26526
2021 26526
2021 26526
2021 26526
2025 4219
2025 4219
2025 4219
2025 4219
2025 4219
2025 4219
2025 4219
2025 4219
2025 4219
2025 4219
2025 4219
2025 4219
2025 4219
2025 26276
2025 26276
2025 26276
2025 26276
2025 26276
2029 4007
2029 4007
2029 4007
2029 4007
2029 4007
2029 4007
2029 4007
2029 4007
2029 4007
2029 4007
2029 4007
2029 4007
2029 4007
2029 4007
2029 26118
2029 26118
2029 26118
2029 26118
2033 4438
2033 4438
2033 4438
2033 4438
2033 4438
2033 4438
2033 4438
2033 4438
2033 4438
2033 4438
2033 4438
2033 4438
2033 4438
2033 4438
2033 26216
2033 26216
2033 26216
2033 26216
2037 4020
2037 4020
2037 4020
2037 4020
2037 4020
2037 4020
2037 4020
2037 4020
2037 4020
2037 4020
2037 4020
2037 4020
2037 4020
2037 4020
2037 26743
2037 26743
2037 26743
2037 26743
2037 26743
2041 4821
2041 4821
2041 4821
2041 4821
2041 4821
2041 4821
2041 4821
2041 4821
2041 4821
2041 4821
2041 4821
2041 4821
2041 4821
2041 27110
2041 27110
2041 27110
2041 27110
2041 27110
2045 4735
2045 4735
2045 4735
2045 4735
2045 4735
2045 4735
2045 4735
2045 4735
2045 4735
2045 4735
2045 4735
2045 4735
2045 4735
2045 4735
2045 27016
2045 27016
2045 27016
2045 27016
2049 4012
2049 4012
2049 4012
2049 4012
2049 4012
2049 4012
2049 4012
2049 4012
2049 4012
2049 4012
2049 4012
2049 4012
2049 4012
2049 4012
2049 4012
2049 4012
2049 4012
2049 4012
2049 4012
2049 26570
2049 26570
2049 26570
2049 26570
2053 5886
2053 5886
2053 5886
2053 5886
2053 5886
2054 5886
2054 5886
2054 5886
2054 5886
2054 25001
2054 25001
2054 25001
2054 25001
2054 25001
2057 3653
2057 3653
2057 3653
2057 3653
2057 3653
2057 3653
2057 3653
2057 3653
2057 3653
2057 3653
2057 3653
2057 3653
2057 3653
2057 3653
2057 26127
2057 26127
2057 26127
2057 26127
2061 4256
2061 4256
2061 4256
2061 4256
2061 4256
2061 4256
2061 4256
2061 4256
2061 4256
2061 4256
2061 4256
2061 4256
2061 4256
2061 4256
2061 26502
2061 26502
2061 26502
2061 26502
2065 3360
2065 3360
2065 3360
2065 3360
2065 3360
2065 3360
2065 3360
2065 3360
2065 3360
2065 3360
2065 3360
2065 3360
2065 3360
2065 3360
2065 26377
2065 26377
2065 26377
2065 26377
2065 26377
2069 4201
2069 4201
2069 4201
2069 4201
2069 4201
2069 4201
2069 4201
2069 4201
2069 4201
2069 4201
2069 4201
2069 4201
2069 4201
2069 26477
2069 26477
2069 26477
2069 26477
2069 26477
2073 3799
2073 3799
2073 3799
2073 3799
2073 3799
2073 3799
2073 3799
2073 3799
2073 3799
2073 29187
2073 29187
2073 29187
2073 29187
2073 29187
2077 29187
2077 29187
2077 29187
2077 29187
2077 29187
2077 29187
2077 29187
2077 29187
2077 29187
2077 30721
2077 30721
2077 30721
2077 30721
2080 30721
2080 30721
2080 30721
2080 30721
2080 30721
2080 30721
2080 30721
2080 30721
2080 30721
2080 30721
2080 30721
2080 30721
2080 30721
2080 30721
2080 26464
2080 26464
2080 26464
2080 26464
2080 26464
2083 3678
2083 3678
2083 3678
2083 3678
2083 3678
2083 3678
2083 3678
2083 3678
2083 3678
2083 3678
2083 3678
2083 3678
2083 3678
2083 26982
2083 26982
2083 26982
2083 26982
2083 26982
2087 4139
2087 4139
2087 4139
2087 4139
2087 4139
2087 4139
2087 4139
2087 4139
2087 4139
2087 4139
2087 4139
2087 4139
2087 4139
2087 4139
2087 23294
2087 23294
2087 23294
2087 23294
2091 3814
2091 3814
2091 3814
2091 3814
2091 3814
2091 3814
2091 3814
2091 3814
2091 3814
2091 3814
2091 3814
2091 3814
2091 3814
2091 3814
2091 26114
2091 26114
2091 26114
2091 26114
2095 4392
2095 4392
2095 4392
2095 4392
2095 4392
2095 4392
2095 4392
2095 4392
2095 4392
2095 4392
2095 4392
2095 4392
2095 4392
2095 4392
2095 26570
2095 26570
2095 26570
2095 26570
2095 26570
2099 4809
2099 4809
2099 4809
2099 4809
2099 4809
2099 4809
2099 4809
2099 4809
2099 4809
2099 4809
2099 4809
2099 4809
2099 4809
2099 27016
2099 27016
2099 27016
2099 27016
2099 27016
2103 3469
2103 3469
2103 3469
2103 3469
2103 3469
2103 3469
2103 3469
2103 3469
2103 3469
2103 3469
2103 3469
2103 3469
2103 3469
2103 3469
2103 26770
2103 26770
2103 26770
2103 26770
2107 3682
2107 3682
2107 3682
2107 3682
2107 3682
2107 3682
2107 3682
2107 3682
2107 3682
2107 3682
2107 3682
2107 3682
2107 3682
2107 3682
2107 25849
2107 25849
2107 25849
2107 25849
2111 3472
2111 3472
2111 3472
2111 3472
2111 3472
2111 3472
2111 3472
2111 3472
2111 3472
2111 3472
2111 3472
2111 3472
2111 3472
2111 3472
2111 26315
2111 26315
2111 26315
2111 26315
2111 26315
2115 4465
2115 4465
2115 4465
2115 4465
2115 4465
2115 4465
2115 4465
2115 4465
2115 4465
2115 4465
2115 4465
2115 4465
2115 4465
2115 26498
2115 26498
2115 26498
2115 26498
2115 26498
2119 3564
2119 3564
2119 3564
2119 3564
2119 3564
2119 3564
2119 3564
2119 3564
2119 3564
2119 3564
2119 3564
2119 3564
2119 3564
2119 3564
2119 26511
2119 26511
2119 26511
2119 26511
2123 3822
2123 3822
2123 3822
2123 3822
2123 3822
2123 3822
2123 3822
2123 3822
2123 3822
2123 3822
2123 3822
2123 3822
2123 3822
2123 3822
2123 26483
2123 26483
2123 26483
2123 26483
2123 26483
2127 4138
2127 4138
2127 4138
2127 4138
2127 4138
2127 4138
2127 4138
2127 4138
2127 4138
2127 4138
2127 4138
2127 4138
2127 4138
2127 26505
2127 26505
2127 26505
2127 26505
2127 26505
2131 4134
2131 4134
2131 4134
2131 4134
2131 4134
2131 4134
2131 4134
2131 4134
2131 4134
2131 4134
2131 4134
2131 4134
2131 4134
2131 23952
2131 23952
2131 23952
2131 23952
2131 23952
2135 3782
2135 3782
2135 3782
2135 3782
2135 3782
2135 3782
2135 3782
2135 3782
2135 3782
2135 3782
2135 3782
2135 3782
2135 3782
2135 3782
2135 20265
2135 20265
2135 20265
2135 20265
2139 3413
2139 3413
2139 3413
2139 3413
2139 3413
2139 3413
2139 3413
2139 3413
2139 3413
2139 3413
2139 3413
2139 3413
2139 3413
2139 3413
2139 26499
2139 26499
2139 26499
2139 26499
2139 26499
2143 4306
2143 4306
2143 4306
2143 4306
2143 4306
2143 4306
2143 4306
2143 4306
2143 4306
2143 4306
2143 4306
2143 4306
2143 4306
2143 26223
2143 26223
2143 26223
2143 26223
2143 26223
2147 4459
2147 4459
2147 4459
2147 4459
2147 4459
2147 4459
2147 4459
2147 4459
2147 4459
2147 4459
2147 4459
2147 4459
2147 4459
2147 4459
2151 29112
2151 29112
2151 29112
2151 29112
2152 29112
2152 29112
2152 29112
2152 29112
2152 29112
2152 29112
2152 29112
2152 29112
2152 29112
2152 29112
2152 29112
2152 29112
2152 29112
2152 29112
2155 30032
2155 30032
2155 30032
2155 30032
2156 30032
2156 30032
2156 30032
2156 30032
2156 30032
2156 30032
2156 30032
2156 30032
2156 30032
2156 30032
2156 30032
2156 30032
2156 30032
2156 30032
2156 22395
2156 22395
2156 22395
2156 22395
2156 22395
2159 3623
2159 3623
2159 3623
2159 3623
2159 3623
2159 3623
2159 3623
2159 3623
2159 3623
2159 3623
2159 3623
2159 3623
2159 3623
2159 26099
2159 26099
2159 26099
2159 26099
2159 26099
2163 4238
2163 4238
2163 4238
2163 4238
2163 4238
2163 4238
2163 4238
2163 4238
2163 4238
2163 4238
2163 4238
2163 4238
2163 4238
2163 4238
2163 25937
2163 25937
2163 25937
2163 25937
2167 3471
2167 3471
2167 3471
2167 3471
2167 3471
2167 3471
2167 3471
2167 3471
2167 3471
2167 3471
2167 3471
2167 3471
2167 3471
2167 3471
2167 3471
2167 3471
2167 3471
2167 3471
2167 26636
2167 26636
2167 26636
2167 26636
2167 26636
2171 6169
2171 6169
2171 6169
2171 6169
2171 6169
2172 6169
2172 6169
2172 6169
2172 6169
2172 18690
2172 18690
2172 18690
2172 18690
2172 18690
2175 3755
2175 3755
2175 3755
2175 3755
2175 3755
2175 3755
2175 3755
2175 3755
2175 3755
2175 3755
2175 3755
2175 3755
2175 3755
2175 25062
2175 25062
2175 25062
2175 25062
2175 25062
2179 3751
2179 3751
2179 3751
2179 3751
2179 3751
2179 3751
2179 3751
2179 3751
2179 3751
2179 3751
2179 3751
2179 3751
2179 3751
2179 3751
2179 27151
2179 27151
2179 27151
2179 27151
2183 4313
2183 4313
2183 4313
2183 4313
2183 4313
2183 4313
2183 4313
2183 4313
2183 4313
2183 4313
2183 4313
2183 4313
2183 4313
2183 4313
2183 26263
2183 26263
2183 26263
2183 26263
2183 26263
2187 4741
2187 4741
2187 4741
2187 4741
2187 4741
2187 4741
2187 4741
2187 4741
2187 4741
2187 4741
2187 4741
2187 4741
2187 4741
2187 22281
2187 22281
2187 22281
2187 22281
2187 22281
2191 3477
2191 3477
2191 3477
2191 3477
2191 3477
2191 3477
2191 3477
2191 3477
2191 3477
2191 3477
2191 3477
2191 3477
2191 3477
2191 26395
2191 26395
2191 26395
2191 26395
2191 26395
2195 4210
2195 4210
2195 4210
2195 4210
2195 4210
2195 4210
2195 4210
2195 4210
2195 4210
2195 4210
2195 4210
2195 4210
2195 4210
2195 4210
2199 28968
2199 28968
2199 28968
2199 28968
2200 28968
2200 28968
2200 28968
2200 28968
2200 28968
2200 28968
2200 28968
2200 28968
2200 28968
2200 28968
2200 28968
2200 28968
2200 28968
2200 28968
2200 26071
2200 26071
2200 26071
2200 26071
2200 26071
2203 4222
2203 4222
2203 4222
2203 4222
2203 4222
2203 4222
2203 4222
2203 4222
2203 4222
2203 4222
2203 4222
2203 4222
2203 4222
2203 26440
2203 26440
2203 26440
2203 26440
2203 26440
2207 4201
2207 4201
2207 4201
2207 4201
2207 4201
2207 4201
2207 4201
2207 4201
2207 4201
2207 4201
2207 4201
2207 4201
2207 4201
2207 4201
2207 26183
2207 26183
2207 26183
2207 26183
2211 3554
2211 3554
2211 3554
2211 3554
2211 3554
2211 3554
2211 3554
2211 3554
2211 3554
2211 3554
2211 3554
2211 3554
2211 3554
2211 3554
2211 26611
2211 26611
2211 26611
2211 26611
2215 4037
2215 4037
2215 4037
2215 4037
2215 4037
2215 4037
2215 4037
2215 4037
2215 4037
2215 4037
2215 4037
2215 4037
2215 4037
2215 4037
2215 26311
2215 26311
2215 26311
2215 26311
2215 26311
2219 4107
2219 4107
2219 4107
2219 4107
2219 4107
2219 4107
2219 4107
2219 4107
2219 4107
2219 4107
2219 4107
2219 4107
2219 4107
2219 26382
2219 26382
2219 26382
2219 26382
2219 26382
2223 4193
2223 4193
2223 4193
2223 4193
2223 4193
2223 4193
2223 4193
2223 4193
2223 4193
2223 4193
2223 4193
2223 4193
2223 4193
2223 4193
2223 26948
2223 26948
2223 26948
2223 26948
2227 4538
2227 4538
2227 4538
2227 4538
2227 4538
2227 4538
2227 4538
2227 4538
2227 4538
2227 4538
2227 4538
2227 4538
2227 4538
2227 4538
2227 26354
2227 26354
2227 26354
2227 26354
2231 4051
2231 4051
2231 4051
2231 4051
2231 4051
2231 4051
2231 4051
2231 4051
2231 4051
2231 4051
2231 4051
2231 4051
2231 4051
2231 4051
2231 26313
2231 26313
2231 26313
2231 26313
2231 26313
2235 4303
2235 4303
2235 4303
2235 4303
2235 4303
2235 4303
2235 4303
2235 4303
2235 4303
2235 4303
2235 4303
2235 4303
2235 4303
2235 26194
2235 26194
2235 26194
2235 26194
2235 26194
2239 4928
2239 4928
2239 4928
2239 4928
2239 4928
2239 4928
2239 4928
2239 4928
2239 4928
2239 4928
2239 4928
2239 4928
2239 4928
2239 4928
2239 26481
2239 26481
2239 26481
2239 26481
2243 3690
2243 3690
2243 3690
2243 3690
2243 3690
2243 3690
2243 3690
2243 3690
2243 3690
2243 3690
2243 3690
2243 3690
2243 3690
2243 3690
2243 26063
2243 26063
2243 26063
2243 26063
2243 26063
2247 3840
2247 3840
2247 3840
2247 3840
2247 3840
2247 3840
2247 3840
2247 3840
2247 3840
2247 3840
2247 3840
2247 3840
2247 3840
2247 26468
2247 26468
2247 26468
2247 26468
2247 26468
2251 3647
2251 3647
2251 3647
2251 3647
2251 3647
2251 3647
2251 3647
2251 3647
2251 3647
2251 3647
2251 3647
2251 3647
2251 3647
2251 3647
2251 25136
2251 25136
2251 25136
2251 25136
2255 3602
2255 3602
2255 3602
2255 3602
2255 3602
2255 3602
2255 3602
2255 3602
2255 3602
2255 3602
2255 3602
2255 3602
2255 3602
2255 3602
2255 26423
2255 26423
2255 26423
2255 26423
2259 4333
2259 4333
2259 4333
2259 4333
2259 4333
2259 4333
2259 4333
2259 4333
2259 4333
2259 4333
2259 4333
2259 4333
2259 4333
2259 4333
2259 26947
2259 26947
2259 26947
2259 26947
2259 26947
2263 4003
2263 4003
2263 4003
2263 4003
2263 4003
2263 4003
2263 4003
2263 4003
2263 4003
2263 4003
2263 4003
2263 4003
2263 4003
2263 23692
2263 23692
2263 23692
2263 23692
2263 23692
2267 4516
2267 4516
2267 4516
2267 4516
2267 4516
2267 4516
2267 4516
2267 4516
2267 4516
2267 4516
2267 4516
2267 4516
2267 4516
2267 4516
2267 26498
2267 26498
2267 26498
2267 26498
2271 4532
2271 4532
2271 4532
2271 4532
2271 4532
2271 4532
2271 4532
2271 4532
2271 4532
2271 4532
2271 4532
2271 4532
2271 4532
2271 4532
2271 26838
2271 26838
2271 26838
2271 26838
2275 4517
2275 4517
2275 4517
2275 4517
2275 4517
2275 4517
2275 4517
2275 4517
2275 4517
2275 4517
2275 4517
2275 4517
2275 4517
2275 4517
2275 27169
2275 27169
2275 27169
2275 27169
2275 27169
2279 4191
2279 4191
2279 4191
2279 4191
2279 4191
2279 4191
2279 4191
2279 4191
2279 4191
2279 4191
2279 4191
2279 4191
2279 4191
2279 25900
2279 25900
2279 25900
2279 25900
2279 25900
2283 4314
2283 4314
2283 4314
2283 4314
2283 4314
2283 4314
2283 4314
2283 4314
2283 4314
2283 4314
2283 4314
2283 4314
2283 4314
2283 4314
2283 26409
2283 26409
2283 26409
2283 26409
2287 4221
2287 4221
2287 4221
2287 4221
2287 4221
2287 4221
2287 4221
2287 4221
2287 4221
2287 4221
2287 4221
2287 4221
2287 4221
2287 4221
2287 27138
2287 27138
2287 27138
2287 27138
2291 4606
2291 4606
2291 4606
2291 4606
2291 4606
2291 4606
2291 4606
2291 4606
2291 4606
2291 4606
2291 4606
2291 4606
2291 4606
2291 4606
2291 25794
2291 25794
2291 25794
2291 25794
2291 25794
2295 4262
2295 4262
2295 4262
2295 4262
2295 4262
2295 4262
2295 4262
2295 4262
2295 4262
2295 4262
2295 4262
2295 4262
2295 4262
2295 26244
2295 26244
2295 26244
2295 26244
2295 26244
2299 4183
2299 4183
2299 4183
2299 4183
2299 4183
2299 4183
2299 4183
2299 4183
2299 4183
2299 4183
2299 4183
2299 4183
2299 4183
2299 4183
2299 26717
2299 26717
2299 26717
2299 26717
2303 4041
2303 4041
2303 4041
2303 4041
2303 4041
2303 4041
2303 4041
2303 4041
2303 4041
2303 4041
2303 4041
2303 4041
2303 4041
2303 4041
2303 26425
2303 26425
2303 26425
2303 26425
2303 26425
2307 4321
2307 4321
2307 4321
2307 4321
2307 4321
2307 4321
2307 4321
2307 4321
2307 4321
2307 4321
2307 4321
2307 4321
2307 4321
2307 26374
2307 26374
2307 26374
2307 26374
2307 26374
2311 3629
2311 3629
2311 3629
2311 3629
2311 3629
2311 3629
2311 3629
2311 3629
2311 3629
2311 3629
2311 3629
2311 3629
2311 3629
2311 3629
2315 29779
2315 29779
2315 29779
2315 29779
2316 29779
2316 29779
2316 29779
2316 29779
2316 29779
2316 29779
2316 29779
2316 29779
2316 29779
2316 29779
2316 29779
2316 29779
2316 29779
2316 29779
2316 21753
2316 21753
2316 21753
2316 21753
2319 3550
2319 3550
2319 3550
2319 3550
2319 3550
2319 3550
2319 3550
2319 3550
2319 3550
2319 3550
2319 3550
2319 3550
2319 3550
2319 3550
2319 26537
2319 26537
2319 26537
2319 26537
2319 26537
2323 3538
2323 3538
2323 3538
2323 3538
2323 3538
2323 3538
2323 3538
2323 3538
2323 3538
2323 3538
2323 3538
2323 3538
2323 3538
2323 25881
2323 25881
2323 25881
2323 25881
2323 25881
2327 3881
2327 3881
2327 3881
2327 3881
2327 3881
2327 3881
2327 3881
2327 3881
2327 3881
2327 3881
2327 3881
2327 3881
2327 3881
2327 3881
2327 26671
2327 26671
2327 26671
2327 26671
2331 3725
2331 3725
2331 3725
2331 3725
2331 3725
2331 3725
2331 3725
2331 3725
2331 3725
2331 28476
2331 28476
2331 28476
2331 28476
2331 28476
2335 28476
2335 28476
2335 28476
2335 28476
2335 28476
2335 28476
2335 28476
2335 28476
2335 28476
2335 28476
2335 28476
2335 28476
2335 28476
2335 28476
2335 26487
2335 26487
2335 26487
2335 26487
2338 3782
2338 3782
2338 3782
2338 3782
2338 3782
2338 3782
2338 3782
2338 3782
2338 3782
2338 3782
2338 3782
2338 3782
2338 3782
2338 3782
2338 28288
2338 28288
2338 28288
2338 28288
2342 4294
2342 4294
2342 4294
2342 4294
2342 4294
2342 4294
2342 4294
2342 4294
2342 4294
2342 4294
2342 4294
2342 4294
2342 4294
2342 4294
2342 26418
2342 26418
2342 26418
2342 26418
2342 26418
2346 3384
2346 3384
2346 3384
2346 3384
2346 3384
2346 3384
2346 3384
2346 3384
2346 3384
2346 3384
2346 3384
2346 3384
2346 3384
2346 26840
2346 26840
2346 26840
2346 26840
2346 26840
2350 4137
2350 4137
2350 4137
2350 4137
2350 4137
2350 4137
2350 4137
2350 4137
2350 4137
2350 4137
2350 4137
2350 4137
2350 4137
2350 4137
2350 26440
2350 26440
2350 26440
2350 26440
2354 4294
2354 4294
2354 4294
2354 4294
2354 4294
2354 4294
2354 4294
2354 4294
2354 4294
2354 29557
2354 29557
2354 29557
2354 29557
2354 29557
2358 29557
2358 29557
2358 29557
2358 29557
2358 29557
2358 29557
2358 29557
2358 29557
2358 29557
2358 29557
2358 29557
2358 29557
2358 29557
2358 29557
2358 27386
2358 27386
2358 27386
2358 27386
2361 4341
2361 4341
2361 4341
2361 4341
2361 4341
2361 4341
2361 4341
2361 4341
2361 4341
2361 4341
2361 4341
2361 4341
2361 4341
2361 4341
2361 26109
2361 26109
2361 26109
2361 26109
2365 3470
2365 3470
2365 3470
2365 3470
2365 3470
2365 3470
2365 3470
2365 3470
2365 3470
2365 3470
2365 3470
2365 3470
2365 3470
2365 3470
2365 26127
2365 26127
2365 26127
2365 26127
2365 26127
2369 3698
2369 3698
2369 3698
2369 3698
2369 3698
2369 3698
2369 3698
2369 3698
2369 3698
2369 3698
2369 3698
2369 3698
2369 3698
2369 26377
2369 26377
2369 26377
2369 26377
2369 26377
2373 3616
2373 3616
2373 3616
2373 3616
2373 3616
2373 3616
2373 3616
2373 3616
2373 3616
2373 3616
2373 3616
2373 3616
2373 3616
2373 3616
2373 26613
2373 26613
2373 26613
2373 26613
2377 3669
2377 3669
2377 3669
2377 3669
2377 3669
2377 3669
2377 3669
2377 3669
2377 3669
2377 3669
2377 3669
2377 3669
2377 3669
2377 3669
2377 27129
2377 27129
2377 27129
2377 27129
2377 27129
2381 4205
2381 4205
2381 4205
2381 4205
2381 4205
2381 4205
2381 4205
2381 4205
2381 4205
2381 4205
2381 4205
2381 4205
2381 4205
2381 25904
2381 25904
2381 25904
2381 25904
2381 25904
2385 3659
2385 3659
2385 3659
2385 3659
2385 3659
2385 3659
2385 3659
2385 3659
2385 3659
2385 3659
2385 3659
2385 3659
2385 3659
2385 27310
2385 27310
2385 27310
2385 27310
2385 27310
2389 3999
2389 3999
2389 3999
2389 3999
2389 3999
2389 3999
2389 3999
2389 3999
2389 3999
2389 3999
2389 3999
2389 3999
2389 3999
2389 3999
2389 26295
2389 26295
2389 26295
2389 26295
2393 3647
2393 3647
2393 3647
2393 3647
2393 3647
2393 3647
2393 3647
2393 3647
2393 3647
2393 3647
2393 3647
2393 3647
2393 3647
2393 3647
2393 26383
2393 26383
2393 26383
2393 26383
2393 26383
2397 4216
2397 4216
2397 4216
2397 4216
2397 4216
2397 4216
2397 4216
2397 4216
2397 4216
2397 4216
2397 4216
2397 4216
2397 4216
2397 19023
2397 19023
2397 19023
2397 19023
2397 19023
2401 3666
2401 3666
2401 3666
2401 3666
2401 3666
2401 3666
2401 3666
2401 3666
2401 3666
2401 3666
2401 3666
2401 3666
2401 3666
2401 3666
2401 27399
2401 27399
2401 27399
2401 27399
2405 4544
2405 4544
2405 4544
2405 4544
2405 4544
2405 4544
2405 4544
2405 4544
2405 4544
2405 4544
2405 4544
2405 4544
2405 4544
2405 4544
2405 28287
2405 28287
2405 28287
2405 28287
2409 4291
2409 4291
2409 4291
2409 4291
2409 4291
2409 4291
2409 4291
2409 4291
2409 4291
2409 4291
2409 4291
2409 4291
2409 4291
2409 4291
2409 26426
2409 26426
2409 26426
2409 26426
2409 26426
2413 3699
2413 3699
2413 3699
2413 3699
2413 3699
2413 3699
2413 3699
2413 3699
2413 3699
2413 3699
2413 3699
2413 3699
2413 3699
2413 26224
2413 26224
2413 26224
2413 26224
2413 26224
2417 3421
2417 3421
2417 3421
2417 3421
2417 3421
2417 3421
2417 3421
2417 3421
2417 3421
2417 3421
2417 3421
2417 3421
2417 3421
2417 3421
2417 26704
2417 26704
2417 26704
2417 26704
2421 4457
2421 4457
2421 4457
2421 4457
2421 4457
2421 4457
2421 4457
2421 4457
2421 4457
2421 4457
2421 4457
2421 4457
2421 4457
2421 4457
2421 26602
2421 26602
2421 26602
2421 26602
2425 4081
2425 4081
2425 4081
2425 4081
2425 4081
2425 4081
2425 4081
2425 4081
2425 4081
2425 4081
2425 4081
2425 4081
2425 4081
2425 4081
2425 26857
2425 26857
2425 26857
2425 26857
2425 26857
2429 4223
2429 4223
2429 4223
2429 4223
2429 4223
2429 4223
2429 4223
2429 4223
2429 4223
2429 28552
2429 28552
2429 28552
2429 28552
2433 28552
2433 28552
2433 28552
2433 28552
2433 28552
2433 28552
2433 28552
2433 28552
2433 28552
2433 28552
2433 28552
2433 28552
2433 28552
2433 28552
2433 26822
2433 26822
2433 26822
2433 26822
2433 26822
2436 3677
2436 3677
2436 3677
2436 3677
2436 3677
2436 3677
2436 3677
2436 3677
2436 3677
2436 3677
2436 3677
2436 3677
2436 3677
2436 26056
2436 26056
2436 26056
2436 26056
2436 26056
2440 4251
2440 4251
2440 4251
2440 4251
2440 4251
2440 4251
2440 4251
2440 4251
2440 4251
2440 4251
2440 4251
2440 4251
2440 4251
2440 4251
2440 26679
2440 26679
2440 26679
2440 26679
2444 4265
2444 4265
2444 4265
2444 4265
2444 4265
2444 4265
2444 4265
2444 4265
2444 4265
2444 4265
2444 4265
2444 4265
2444 4265
2444 4265
2444 26168
2444 26168
2444 26168
2444 26168
2444 26168
2448 4428
2448 4428
2448 4428
2448 4428
2448 4428
2448 4428
2448 4428
2448 4428
2448 4428
2448 4428
2448 4428
2448 4428
2448 4428
2448 26057
2448 26057
2448 26057
2448 26057
2448 26057
2452 4478
2452 4478
2452 4478
2452 4478
2452 4478
2452 4478
2452 4478
2452 4478
2452 4478
2452 4478
2452 4478
2452 4478
2452 4478
2452 26526
2452 26526
2452 26526
2452 26526
2452 26526
2456 4082
2456 4082
2456 4082
2456 4082
2456 4082
2456 4082
2456 4082
2456 4082
2456 4082
2456 4082
2456 4082
2456 4082
2456 4082
2456 4082
2456 26538
2456 26538
2456 26538
2456 26538
2460 4089
2460 4089
2460 4089
2460 4089
2460 4089
2460 4089
2460 4089
2460 4089
2460 4089
2460 4089
2460 4089
2460 4089
2460 4089
2460 4089
2460 26361
2460 26361
2460 26361
2460 26361
2460 26361
2464 4320
2464 4320
2464 4320
2464 4320
2464 4320
2464 4320
2464 4320
2464 4320
2464 4320
2464 4320
2464 4320
2464 4320
2464 4320
2464 25975
2464 25975
2464 25975
2464 25975
2464 25975
2468 4265
2468 4265
2468 4265
2468 4265
2468 4265
2468 4265
2468 4265
2468 4265
2468 4265
2468 4265
2468 4265
2468 4265
2468 4265
2468 4265
2468 26582
2468 26582
2468 26582
2468 26582
2472 3816
2472 3816
2472 3816
2472 3816
2472 3816
2472 3816
2472 3816
2472 3816
2472 3816
2472 3816
2472 3816
2472 3816
2472 3816
2472 3816
2472 25621
2472 25621
2472 25621
2472 25621
2476 4306
2476 4306
2476 4306
2476 4306
2476 4306
2476 4306
2476 4306
2476 4306
2476 4306
2476 4306
2476 4306
2476 4306
2476 4306
2476 4306
2476 24307
2476 24307
2476 24307
2476 24307
2476 24307
2480 3594
2480 3594
2480 3594
2480 3594
2480 3594
2480 3594
2480 3594
2480 3594
2480 3594
2480 3594
2480 3594
2480 3594
2480 3594
2480 26179
2480 26179
2480 26179
2480 26179
2480 26179
2484 3650
2484 3650
2484 3650
2484 3650
2484 3650
2484 3650
2484 3650
2484 3650
2484 3650
2484 3650
2484 3650
2484 3650
2484 3650
2484 3650
2484 26248
2484 26248
2484 26248
2484 26248
2488 3787
2488 3787
2488 3787
2488 3787
2488 3787
2488 3787
2488 3787
2488 3787
2488 3787
2488 3787
2488 3787
2488 3787
2488 3787
2488 3787
2488 26283
2488 26283
2488 26283
2488 26283
2492 3872
2492 3872
2492 3872
2492 3872
2492 3872
2492 3872
2492 3872
2492 3872
2492 3872
2492 3872
2492 3872
2492 3872
2492 3872
2492 3872
2492 26968
2492 26968
2492 26968
2492 26968
2492 26968
2496 3537
2496 3537
2496 3537
2496 3537
2496 3537
2496 3537
2496 3537
2496 3537
2496 3537
2496 3537
2496 3537
2496 3537
2496 3537
2496 26417
2496 26417
2496 26417
2496 26417
2496 26417
2500 4252
2500 4252
2500 4252
2500 4252
2500 4252
2500 4252
2500 4252
2500 4252
2500 4252
2500 4252
2500 4252
2500 4252
2500 4252
2500 4252
2500 26637
2500 26637
2500 26637
2500 26637
2504 4428
2504 4428
2504 4428
2504 4428
2504 4428
2504 4428
2504 4428
2504 4428
2504 4428
2504 4428
2504 4428
2504 4428
2504 4428
2504 4428
2504 25754
2504 25754
2504 25754
2504 25754
2504 25754
2508 3633
2508 3633
2508 3633
2508 3633
2508 3633
2508 3633
2508 3633
2508 3633
2508 3633
2508 3633
2508 3633
2508 3633
2508 3633
2508 26610
2508 26610
2508 26610
2508 26610
2508 26610
2512 4256
2512 4256
2512 4256
2512 4256
2512 4256
2512 4256
2512 4256
2512 4256
2512 4256
2512 4256
2512 4256
2512 4256
2512 4256
2512 26269
2512 26269
2512 26269
2512 26269
2512 26269
2516 3661
2516 3661
2516 3661
2516 3661
2516 3661
2516 3661
2516 3661
2516 3661
2516 3661
2516 3661
2516 3661
2516 3661
2516 3661
2516 3661
2516 26224
2516 26224
2516 26224
2516 26224
2520 3613
2520 3613
2520 3613
2520 3613
2520 3613
2520 3613
2520 3613
2520 3613
2520 3613
2520 3613
2520 3613
2520 3613
2520 3613
2520 3613
2520 27005
2520 27005
2520 27005
2520 27005
2520 27005
2524 3999
2524 3999
2524 3999
2524 3999
2524 3999
2524 3999
2524 3999
2524 3999
2524 3999
2524 3999
2524 3999
2524 3999
2524 3999
2524 26038
2524 26038
2524 26038
2524 26038
2524 26038
2528 3675
2528 3675
2528 3675
2528 3675
2528 3675
2528 3675
2528 3675
2528 3675
2528 3675
2528 3675
2528 3675
2528 3675
2528 3675
2528 3675
2528 27431
2528 27431
2528 27431
2528 27431
2532 4401
2532 4401
2532 4401
2532 4401
2532 4401
2532 4401
2532 4401
2532 4401
2532 4401
2532 4401
2532 4401
2532 4401
2532 4401
2532 4401
2532 26331
2532 26331
2532 26331
2532 26331
2536 4091
2536 4091
2536 4091
2536 4091
2536 4091
2536 4091
2536 4091
2536 4091
2536 4091
2536 4091
2536 4091
2536 4091
2536 4091
2536 4091
2536 26601
2536 26601
2536 26601
2536 26601
2536 26601
2540 4565
2540 4565
2540 4565
2540 4565
2540 4565
2540 4565
2540 4565
2540 4565
2540 4565
2540 4565
2540 4565
2540 4565
2540 4565
2540 26317
2540 26317
2540 26317
2540 26317
2540 26317
2544 4247
2544 4247
2544 4247
2544 4247
2544 4247
2544 4247
2544 4247
2544 4247
2544 4247
2544 4247
2544 4247
2544 4247
2544 4247
2544 4247
2544 24364
2544 24364
2544 24364
2544 24364
2548 4654
2548 4654
2548 4654
2548 4654
2548 4654
2548 4654
2548 4654
2548 4654
2548 4654
2548 4654
2548 4654
2548 4654
2548 4654
2548 4654
2548 26573
2548 26573
2548 26573
2548 26573
2552 4494
2552 4494
2552 4494
2552 4494
2552 4494
2552 4494
2552 4494
2552 4494
2552 4494
2552 4494
2552 4494
2552 4494
2552 4494
2552 4494
2552 26290
2552 26290
2552 26290
2552 26290
2552 26290
2556 3734
2556 3734
2556 3734
2556 3734
2556 3734
2556 3734
2556 3734
2556 3734
2556 3734
2556 3734
2556 3734
2556 3734
2556 3734
2560 28152
2560 28152
2560 28152
2560 28152
2560 28152
2561 28152
2561 28152
2561 28152
2561 28152
2561 28152
2561 28152
2561 28152
2561 28152
2561 28152
2561 28152
2561 28152
2561 28152
2561 28152
2561 28152
2561 27699
2561 27699
2561 27699
2561 27699
2564 4607
2564 4607
2564 4607
2564 4607
2564 4607
2564 4607
2564 4607
2564 4607
2564 4607
2564 4607
2564 4607
2564 4607
2564 4607
2564 4607
2564 26468
2564 26468
2564 26468
2564 26468
2564 26468
2568 3702
2568 3702
2568 3702
2568 3702
2568 3702
2568 3702
2568 3702
2568 3702
2568 3702
2568 3702
2568 3702
2568 3702
2568 3702
2568 27952
2568 27952
2568 27952
2568 27952
2568 27952
2572 3490
2572 3490
2572 3490
2572 3490
2572 3490
2572 3490
2572 3490
2572 3490
2572 3490
2572 3490
2572 3490
2572 3490
2572 3490
2572 25967
2572 25967
2572 25967
2572 25967
2572 25967
2576 4475
2576 4475
2576 4475
2576 4475
2576 4475
2576 4475
2576 4475
2576 4475
2576 4475
2576 4475
2576 4475
2576 4475
2576 4475
2576 4475
2576 26676
2576 26676
2576 26676
2576 26676
2580 3682
2580 3682
2580 3682
2580 3682
2580 3682
2580 3682
2580 3682
2580 3682
2580 3682
2580 3682
2580 3682
2580 3682
2580 3682
2580 3682
2584 28669
2584 28669
2584 28669
2584 28669
2584 28669
2585 28669
2585 28669
2585 28669
2585 28669
2585 28669
2585 28669
2585 28669
2585 28669
2585 28669
2585 28669
2585 28669
2585 28669
2585 28669
2585 26446
2585 26446
2585 26446
2585 26446
2585 26446
2588 3514
2588 3514
2588 3514
2588 3514
2588 3514
2588 3514
2588 3514
2588 3514
2588 3514
2588 3514
2588 3514
2588 3514
2588 3514
2588 3514
2588 18997
2588 18997
2588 18997
2588 18997
2592 3571
2592 3571
2592 3571
2592 3571
2592 3571
2592 3571
2592 3571
2592 3571
2592 3571
2592 3571
2592 3571
2592 3571
2592 3571
2592 3571
2592 3571
2592 3571
2592 3571
2592 3571
2592 26481
2592 26481
2592 26481
2592 26481
2592 26481
2596 5993
2596 5993
2596 5993
2596 5993
2596 5993
2597 5993
2597 5993
2597 5993
2597 5993
2597 26032
2597 26032
2597 26032
2597 26032
2597 26032
2600 4348
2600 4348
2600 4348
2600 4348
2600 4348
2600 4348
2600 4348
2600 4348
2600 4348
2600 24779
2600 24779
2600 24779
2600 24779
2604 24779
2604 24779
2604 24779
2604 24779
2604 24779
2604 24779
2604 24779
2604 24779
2604 24779
2604 24779
2604 24779
2604 24779
2604 24779
2604 24779
2604 26745
2604 26745
2604 26745
2604 26745
2604 26745
2607 3664
2607 3664
2607 3664
2607 3664
2607 3664
2607 3664
2607 3664
2607 3664
2607 3664
2607 3664
2607 3664
2607 3664
2607 3664
2607 26352
2607 26352
2607 26352
2607 26352
2607 26352
2611 4165
2611 4165
2611 4165
2611 4165
2611 4165
2611 4165
2611 4165
2611 4165
2611 4165
2611 4165
2611 4165
2611 4165
2611 4165
2611 4165
2611 26282
2611 26282
2611 26282
2611 26282
2615 4149
2615 4149
2615 4149
2615 4149
2615 4149
2615 4149
2615 4149
2615 4149
2615 4149
2615 4149
2615 4149
2615 4149
2615 4149
2615 4149
2619 29684
2619 29684
2619 29684
2619 29684
2620 29684
2620 29684
2620 29684
2620 29684
2620 29684
2620 29684
2620 29684
2620 29684
2620 29684
2620 29684
2620 29684
2620 29684
2620 29684
2620 29684
2620 26254
2620 26254
2620 26254
2620 26254
2620 26254
2623 3677
2623 3677
2623 3677
2623 3677
2623 3677
2623 3677
2623 3677
2623 3677
2623 3677
2623 3677
2623 3677
2623 3677
2623 3677
2627 28981
2627 28981
2627 28981
2627 28981
2627 28981
2628 28981
2628 28981
2628 28981
2628 28981
2628 28981
2628 28981
2628 28981
2628 28981
2628 28981
2628 28981
2628 28981
2628 28981
2628 28981
2628 28981
2628 26423
2628 26423
2628 26423
2628 26423
2631 3981
2631 3981
2631 3981
2631 3981
2631 3981
2631 3981
2631 3981
2631 3981
2631 3981
2631 3981
2631 3981
2631 3981
2631 3981
2631 3981
2631 25949
2631 25949
2631 25949
2631 25949
2631 25949
2635 4016
2635 4016
2635 4016
2635 4016
2635 4016
2635 4016
2635 4016
2635 4016
2635 4016
2635 4016
2635 4016
2635 4016
2635 4016
2635 26073
2635 26073
2635 26073
2635 26073
2635 26073
2639 4709
2639 4709
2639 4709
2639 4709
2639 4709
2639 4709
2639 4709
2639 4709
2639 4709
2639 4709
2639 4709
2639 4709
2639 4709
2639 27307
2639 27307
2639 27307
2639 27307
2639 27307
2643 4506
2643 4506
2643 4506
2643 4506
2643 4506
2643 4506
2643 4506
2643 4506
2643 4506
2643 4506
2643 4506
2643 4506
2643 4506
2643 4506
2643 26889
2643 26889
2643 26889
2643 26889
2647 3828
2647 3828
2647 3828
2647 3828
2647 3828
2647 3828
2647 3828
2647 3828
2647 3828
2647 3828
2647 3828
2647 3828
2647 3828
2647 3828
2647 27261
2647 27261
2647 27261
2647 27261
2647 27261
2651 4344
2651 4344
2651 4344
2651 4344
2651 4344
2651 4344
2651 4344
2651 4344
2651 4344
2651 4344
2651 4344
2651 4344
2651 4344
2651 26748
2651 26748
2651 26748
2651 26748
2651 26748
2655 3472
2655 3472
2655 3472
2655 3472
2655 3472
2655 3472
2655 3472
2655 3472
2655 3472
2655 3472
2655 3472
2655 3472
2655 3472
2655 3472
2655 26216
2655 26216
2655 26216
2655 26216
2659 3504
2659 3504
2659 3504
2659 3504
2659 3504
2659 3504
2659 3504
2659 3504
2659 3504
2659 3504
2659 3504
2659 3504
2659 3504
2659 3504
2659 26666
2659 26666
2659 26666
2659 26666
2663 4417
2663 4417
2663 4417
2663 4417
2663 4417
2663 4417
2663 4417
2663 4417
2663 4417
2663 4417
2663 4417
2663 4417
2663 4417
2663 4417
2663 26103
2663 26103
2663 26103
2663 26103
2663 26103
2667 4056
2667 4056
2667 4056
2667 4056
2667 4056
2667 4056
2667 4056
2667 4056
2667 4056
2667 4056
2667 4056
2667 4056
2667 4056
2667 26452
2667 26452
2667 26452
2667 26452
2667 26452
2671 3553
2671 3553
2671 3553
2671 3553
2671 3553
2671 3553
2671 3553
2671 3553
2671 3553
2671 3553
2671 3553
2671 3553
2671 3553
2671 3553
2671 25470
2671 25470
2671 25470
2671 25470
2675 4272
2675 4272
2675 4272
2675 4272
2675 4272
2675 4272
2675 4272
2675 4272
2675 4272
2675 4272
2675 4272
2675 4272
2675 4272
2675 4272
2675 26789
2675 26789
2675 26789
2675 26789
2679 4387
2679 4387
2679 4387
2679 4387
2679 4387
2679 4387
2679 4387
2679 4387
2679 4387
2679 4387
2679 4387
2679 4387
2679 4387
2679 4387
2679 26413
2679 26413
2679 26413
2679 26413
2679 26413
2683 3657
2683 3657
2683 3657
2683 3657
2683 3657
2683 3657
2683 3657
2683 3657
2683 3657
2683 3657
2683 3657
2683 3657
2683 3657
2683 28697
2683 28697
2683 28697
2683 28697
2683 28697
2687 4594
2687 4594
2687 4594
2687 4594
2687 4594
2687 4594
2687 4594
2687 4594
2687 4594
2687 26758
2687 26758
2687 26758
2687 26758
2687 26758
2691 26758
2691 26758
2691 26758
2691 26758
2691 26758
2691 26758
2691 26758
2691 26758
2691 26758
2691 26758
2691 26758
2691 26758
2691 26758
2691 27171
2691 27171
2691 27171
2691 27171
2691 27171
2694 3655
2694 3655
2694 3655
2694 3655
2694 3655
2694 3655
2694 3655
2694 3655
2694 3655
2694 29637
2694 29637
2694 29637
2694 29637
2694 29637
2698 29637
2698 29637
2698 29637
2698 29637
2698 29637
2698 29637
2698 29637
2698 29637
2698 29637
2698 29637
2698 29637
2698 29637
2698 29637
2698 27663
2698 27663
2698 27663
2698 27663
2698 27663
2701 4809
2701 4809
2701 4809
2701 4809
2701 4809
2701 4809
2701 4809
2701 4809
2701 4809
2701 4809
2701 4809
2701 4809
2701 4809
2701 4809
2701 27160
2701 27160
2701 27160
2701 27160
2705 4434
2705 4434
2705 4434
2705 4434
2705 4434
2705 4434
2705 4434
2705 4434
2705 4434
2705 23388
2705 23388
2705 23388
2705 23388
2705 23388
2709 23388
2709 23388
2709 23388
2709 23388
2709 23388
2709 23388
2709 23388
2709 23388
2709 23388
2709 23388
2709 23388
2709 23388
2709 23388
2709 23388
2709 26315
2709 26315
2709 26315
2709 26315
2712 4122
2712 4122
2712 4122
2712 4122
2712 4122
2712 4122
2712 4122
2712 4122
2712 4122
2712 4122
2712 4122
2712 4122
2712 4122
2712 4122
2712 25994
2712 25994
2712 25994
2712 25994
2716 4094
2716 4094
2716 4094
2716 4094
2716 4094
2716 4094
2716 4094
2716 4094
2716 4094
2716 4094
2716 4094
2716 4094
2716 4094
2716 4094
2720 30309
2720 30309
2720 30309
2720 30309
2720 30309
2721 30309
2721 30309
2721 30309
2721 30309
2721 30309
2721 30309
2721 30309
2721 30309
2721 30309
2721 30309
2721 30309
2721 30309
2721 30309
2721 30309
2721 30309
2721 30309
2721 30309
2721 30309
2724 28389
2724 28389
2724 28389
2724 28389
2724 28389
2725 3176
2725 3176
2725 3176
2725 3176
2725 3176
2725 3176
2725 3176
2725 3176
2725 3176
2725 3176
2725 3176
2725 3176
2725 3176
2725 3176
2725 3176
2725 3176
2725 3176
2725 3176
2725 27406
2725 27406
2725 27406
2725 27406
2729 5814
2729 5814
2729 5814
2729 5814
2729 5814
2730 5814
2730 5814
2730 5814
2730 5814
2730 26025
2730 26025
2730 26025
2730 26025
2730 26025
2733 3851
2733 3851
2733 3851
2733 3851
2733 3851
2733 3851
2733 3851
2733 3851
2733 3851
2733 3851
2733 3851
2733 3851
2733 3851
2733 3851
2733 26587
2733 26587
2733 26587
2733 26587
2737 3768
2737 3768
2737 3768
2737 3768
2737 3768
2737 3768
2737 3768
2737 3768
2737 3768
2737 3768
2737 3768
2737 3768
2737 3768
2737 3768
2737 26759
2737 26759
2737 26759
2737 26759
2737 26759
2741 3769
2741 3769
2741 3769
2741 3769
2741 3769
2741 3769
2741 3769
2741 3769
2741 3769
2741 3769
2741 3769
2741 3769
2741 3769
2741 26156
2741 26156
2741 26156
2741 26156
2741 26156
2745 3774
2745 3774
2745 3774
2745 3774
2745 3774
2745 3774
2745 3774
2745 3774
2745 3774
2745 28830
2745 28830
2745 28830
2745 28830
2745 28830
2749 28830
2749 28830
2749 28830
2749 28830
2749 28830
2749 28830
2749 28830
2749 28830
2749 28830
2749 28830
2749 28830
2749 28830
2749 28830
2749 22310
2749 22310
2749 22310
2749 22310
2749 22310
2752 4048
2752 4048
2752 4048
2752 4048
2752 4048
2752 4048
2752 4048
2752 4048
2752 4048
2752 4048
2752 4048
2752 4048
2752 4048
2752 4048
2752 27079
2752 27079
2752 27079
2752 27079
2756 4715
2756 4715
2756 4715
2756 4715
2756 4715
2756 4715
2756 4715
2756 4715
2756 4715
2756 4715
2756 4715
2756 4715
2756 4715
2756 4715
2756 26856
2756 26856
2756 26856
2756 26856
2760 4175
2760 4175
2760 4175
2760 4175
2760 4175
2760 4175
2760 4175
2760 4175
2760 4175
2760 4175
2760 4175
2760 4175
2760 4175
2760 4175
2760 26311
2760 26311
2760 26311
2760 26311
2760 26311
2764 4149
2764 4149
2764 4149
2764 4149
2764 4149
2764 4149
2764 4149
2764 4149
2764 4149
2764 4149
2764 4149
2764 4149
2764 4149
2764 26428
2764 26428
2764 26428
2764 26428
2764 26428
2768 3630
2768 3630
2768 3630
2768 3630
2768 3630
2768 3630
2768 3630
2768 3630
2768 3630
2768 3630
2768 3630
2768 3630
2768 3630
2768 3630
2768 26735
2768 26735
2768 26735
2768 26735
2772 4067
2772 4067
2772 4067
2772 4067
2772 4067
2772 4067
2772 4067
2772 4067
2772 4067
2772 4067
2772 4067
2772 4067
2772 4067
2772 4067
2772 24381
2772 24381
2772 24381
2772 24381
2776 4482
2776 4482
2776 4482
2776 4482
2776 4482
2776 4482
2776 4482
2776 4482
2776 4482
2776 4482
2776 4482
2776 4482
2776 4482
2776 4482
2776 4482
2776 4482
2776 4482
2776 4482
2776 4482
2776 26485
2776 26485
2776 26485
2776 26485
2780 5742
2780 5742
2780 5742
2780 5742
2780 5742
2781 5742
2781 5742
2781 5742
2781 5742
2781 26441
2781 26441
2781 26441
2781 26441
2781 26441
2784 3933
2784 3933
2784 3933
2784 3933
2784 3933
2784 3933
2784 3933
2784 3933
2784 3933
2784 3933
2784 3933
2784 3933
2784 3933
2784 3933
2784 25120
2784 25120
2784 25120
2784 25120
2788 4547
2788 4547
2788 4547
2788 4547
2788 4547
2788 4547
2788 4547
2788 4547
2788 4547
2788 4547
2788 4547
2788 4547
2788 4547
2788 4547
2788 26446
2788 26446
2788 26446
2788 26446
2792 3817
2792 3817
2792 3817
2792 3817
2792 3817
2792 3817
2792 3817
2792 3817
2792 3817
2792 3817
2792 3817
2792 3817
2792 3817
2792 3817
2792 25871
2792 25871
2792 25871
2792 25871
2792 25871
2796 4303
2796 4303
2796 4303
2796 4303
2796 4303
2796 4303
2796 4303
2796 4303
2796 4303
2796 4303
2796 4303
2796 4303
2796 4303
2796 26781
2796 26781
2796 26781
2796 26781
2796 26781
2800 4213
2800 4213
2800 4213
2800 4213
2800 4213
2800 4213
2800 4213
2800 4213
2800 4213
2800 4213
2800 4213
2800 4213
2800 4213
2800 4213
2800 26638
2800 26638
2800 26638
2800 26638
2804 3656
2804 3656
2804 3656
2804 3656
2804 3656
2804 3656
2804 3656
2804 3656
2804 3656
2804 3656
2804 3656
2804 3656
2804 3656
2804 3656
2804 26776
2804 26776
2804 26776
2804 26776
2804 26776
2808 3979
2808 3979
2808 3979
2808 3979
2808 3979
2808 3979
2808 3979
2808 3979
2808 3979
2808 29034
2808 29034
2808 29034
2808 29034
2808 29034
2808 29034
2808 29034
2808 29034
2808 29034
2812 29034
2812 29034
2812 29034
2812 29034
2812 29034
2812 29034
2812 29034
2812 29034
2812 29034
2812 25782
2812 25782
2812 25782
2812 25782
2812 25782
2815 4189
2815 4189
2815 4189
2815 4189
2815 4189
2815 4189
2815 4189
2815 4189
2815 4189
2815 4189
2815 4189
2815 4189
2815 4189
2815 26268
2815 26268
2815 26268
2815 26268
2815 26268
2819 3827
2819 3827
2819 3827
2819 3827
2819 3827
2819 3827
2819 3827
2819 3827
2819 3827
2819 3827
2819 3827
2819 3827
2819 3827
2819 25841
2819 25841
2819 25841
2819 25841
2819 25841
2823 4081
2823 4081
2823 4081
2823 4081
2823 4081
2823 4081
2823 4081
2823 4081
2823 4081
2823 30261
2823 30261
2823 30261
2823 30261
2823 30261
2827 30261
2827 30261
2827 30261
2827 30261
2827 30261
2827 30261
2827 30261
2827 30261
2827 30261
2827 30261
2827 30261
2827 30261
2827 30261
2827 29511
2827 29511
2827 29511
2827 29511
2827 29511
2830 4200
2830 4200
2830 4200
2830 4200
2830 4200
2830 4200
2830 4200
2830 4200
2830 4200
2830 4200
2830 4200
2830 4200
2830 4200
2830 4200
2830 26559
2830 26559
2830 26559
2830 26559
2834 4212
2834 4212
2834 4212
2834 4212
2834 4212
2834 4212
2834 4212
2834 4212
2834 4212
2834 4212
2834 4212
2834 4212
2834 4212
2834 4212
2834 26735
2834 26735
2834 26735
2834 26735
2834 26735
2838 3554
2838 3554
2838 3554
2838 3554
2838 3554
2838 3554
2838 3554
2838 3554
2838 3554
2838 3554
2838 3554
2838 3554
2838 3554
2838 26714
2838 26714
2838 26714
2838 26714
2838 26714
2842 4620
2842 4620
2842 4620
2842 4620
2842 4620
2842 4620
2842 4620
2842 4620
2842 4620
2842 4620
2842 4620
2842 4620
2842 4620
2842 4620
2842 26921
2842 26921
2842 26921
2842 26921
2846 4285
2846 4285
2846 4285
2846 4285
2846 4285
2846 4285
2846 4285
2846 4285
2846 4285
2846 4285
2846 4285
2846 4285
2846 4285
2846 4285
2846 26552
2846 26552
2846 26552
2846 26552
2850 3688
2850 3688
2850 3688
2850 3688
2850 3688
2850 3688
2850 3688
2850 3688
2850 3688
2850 3688
2850 3688
2850 3688
2850 3688
2850 3688
2850 26596
2850 26596
2850 26596
2850 26596
2850 26596
2854 4596
2854 4596
2854 4596
2854 4596
2854 4596
2854 4596
2854 4596
2854 4596
2854 4596
2854 4596
2854 4596
2854 4596
2854 4596
2854 26709
2854 26709
2854 26709
2854 26709
2854 26709
2858 4257
2858 4257
2858 4257
2858 4257
2858 4257
2858 4257
2858 4257
2858 4257
2858 4257
2858 4257
2858 4257
2858 4257
2858 4257
2858 4257
2858 26199
2858 26199
2858 26199
2858 26199
2862 3433
2862 3433
2862 3433
2862 3433
2862 3433
2862 3433
2862 3433
2862 3433
2862 3433
2862 3433
2862 3433
2862 3433
2862 3433
2862 3433
2862 26408
2862 26408
2862 26408
2862 26408
2866 4487
2866 4487
2866 4487
2866 4487
2866 4487
2866 4487
2866 4487
2866 4487
2866 4487
2866 4487
2866 4487
2866 4487
2866 4487
2866 4487
2866 26670
2866 26670
2866 26670
2866 26670
2866 26670
2870 4381
2870 4381
2870 4381
2870 4381
2870 4381
2870 4381
2870 4381
2870 4381
2870 4381
2870 4381
2870 4381
2870 4381
2870 4381
2870 23439
2870 23439
2870 23439
2870 23439
2870 23439
2874 3564
2874 3564
2874 3564
2874 3564
2874 3564
2874 3564
2874 3564
2874 3564
2874 3564
2874 3564
2874 3564
2874 3564
2874 3564
2874 3564
2874 26814
2874 26814
2874 26814
2874 26814
2878 3616
2878 3616
2878 3616
2878 3616
2878 3616
2878 3616
2878 3616
2878 3616
2878 3616
2878 30047
2878 30047
2878 30047
2878 30047
2878 30047
2882 30047
2882 30047
2882 30047
2882 30047
2882 30047
2882 30047
2882 30047
2882 30047
2882 30047
2882 30047
2882 30047
2882 30047
2882 30047
2882 30047
2882 26236
2882 26236
2882 26236
2882 26236
2885 4461
2885 4461
2885 4461
2885 4461
2885 4461
2885 4461
2885 4461
2885 4461
2885 4461
2885 4461
2885 4461
2885 4461
2885 4461
2885 4461
2885 26130
2885 26130
2885 26130
2885 26130
2889 3752
2889 3752
2889 3752
2889 3752
2889 3752
2889 3752
2889 3752
2889 3752
2889 3752
2889 3752
2889 3752
2889 3752
2889 3752
2889 3752
2889 27190
2889 27190
2889 27190
2889 27190
2889 27190
2893 4301
2893 4301
2893 4301
2893 4301
2893 4301
2893 4301
2893 4301
2893 4301
2893 4301
2893 4301
2893 4301
2893 4301
2893 4301
2893 26767
2893 26767
2893 26767
2893 26767
2893 26767
2897 3490
2897 3490
2897 3490
2897 3490
2897 3490
2897 3490
2897 3490
2897 3490
2897 3490
2897 3490
2897 3490
2897 3490
2897 3490
2897 3490
2897 28069
2897 28069
2897 28069
2897 28069
2901 4786
2901 4786
2901 4786
2901 4786
2901 4786
2901 4786
2901 4786
2901 4786
2901 4786
2901 4786
2901 4786
2901 4786
2901 4786
2901 4786
2901 26381
2901 26381
2901 26381
2901 26381
2901 26381
2905 3664
2905 3664
2905 3664
2905 3664
2905 3664
2905 3664
2905 3664
2905 3664
2905 3664
2905 3664
2905 3664
2905 3664
2905 3664
2905 26841
2905 26841
2905 26841
2905 26841
2905 26841
2909 4245
2909 4245
2909 4245
2909 4245
2909 4245
2909 4245
2909 4245
2909 4245
2909 4245
2909 4245
2909 4245
2909 4245
2909 4245
2909 26558
2909 26558
2909 26558
2909 26558
2909 26558
2913 4201
2913 4201
2913 4201
2913 4201
2913 4201
2913 4201
2913 4201
2913 4201
2913 4201
2913 4201
2913 4201
2913 4201
2913 4201
2913 4201
2913 26242
2913 26242
2913 26242
2913 26242
2917 3959
2917 3959
2917 3959
2917 3959
2917 3959
2917 3959
2917 3959
2917 3959
2917 3959
2917 3959
2917 3959
2917 3959
2917 3959
2917 3959
2917 26393
2917 26393
2917 26393
2917 26393
2917 26393
2921 3568
2921 3568
2921 3568
2921 3568
2921 3568
2921 3568
2921 3568
2921 3568
2921 3568
2921 3568
2921 3568
2921 3568
2921 3568
2921 26368
2921 26368
2921 26368
2921 26368
2921 26368
2925 3575
2925 3575
2925 3575
2925 3575
2925 3575
2925 3575
2925 3575
2925 3575
2925 3575
2925 3575
2925 3575
2925 3575
2925 3575
2925 3575
2925 27424
2925 27424
2925 27424
2925 27424
2929 3967
2929 3967
2929 3967
2929 3967
2929 3967
2929 3967
2929 3967
2929 3967
2929 3967
2929 3967
2929 3967
2929 3967
2929 3967
2929 3967
2929 28258
2929 28258
2929 28258
2929 28258
2933 5503
2933 5503
2933 5503
2933 5503
2933 5503
2933 5503
2933 5503
2933 5503
2933 5503
2933 5503
2933 5503
2933 5503
2933 5503
2933 5503
2933 26531
2933 26531
2933 26531
2933 26531
2933 26531
2937 3553
2937 3553
2937 3553
2937 3553
2937 3553
2937 3553
2937 3553
2937 3553
2937 3553
2937 3553
2937 3553
2937 3553
2937 3553
2937 26493
2937 26493
2937 26493
2937 26493
2937 26493
2941 4471
2941 4471
2941 4471
2941 4471
2941 4471
2941 4471
2941 4471
2941 4471
2941 4471
2941 4471
2941 4471
2941 4471
2941 4471
2941 4471
2941 24469
2941 24469
2941 24469
2941 24469
2945 3449
2945 3449
2945 3449
2945 3449
2945 3449
2945 3449
2945 3449
2945 3449
2945 3449
2945 3449
2945 3449
2945 3449
2945 3449
2945 3449
2945 26462
2945 26462
2945 26462
2945 26462
2949 4570
2949 4570
2949 4570
2949 4570
2949 4570
2949 4570
2949 4570
2949 4570
2949 4570
2949 4570
2949 4570
2949 4570
2949 4570
2949 4570
2949 25681
2949 25681
2949 25681
2949 25681
2949 25681
2953 3660
2953 3660
2953 3660
2953 3660
2953 3660
2953 3660
2953 3660
2953 3660
2953 3660
2953 3660
2953 3660
2953 3660
2953 3660
2953 27023
2953 27023
2953 27023
2953 27023
2953 27023
2957 4578
2957 4578
2957 4578
2957 4578
2957 4578
2957 4578
2957 4578
2957 4578
2957 4578
2957 4578
2957 4578
2957 4578
2957 4578
2957 4578
2957 24088
2957 24088
2957 24088
2957 24088
2961 3421
2961 3421
2961 3421
2961 3421
2961 3421
2961 3421
2961 3421
2961 3421
2961 3421
2961 3421
2961 3421
2961 3421
2961 3421
2961 3421
2961 25666
2961 25666
2961 25666
2961 25666
2961 25666
2965 3718
2965 3718
2965 3718
2965 3718
2965 3718
2965 3718
2965 3718
2965 3718
2965 3718
2965 3718
2965 3718
2965 3718
2965 3718
2969 29745
2969 29745
2969 29745
2969 29745
2969 29745
2970 29745
2970 29745
2970 29745
2970 29745
2970 29745
2970 29745
2970 29745
2970 29745
2970 29745
2970 29745
2970 29745
2970 29745
2970 29745
2970 23159
2970 23159
2970 23159
2970 23159
2970 23159
2973 3662
2973 3662
2973 3662
2973 3662
2973 3662
2973 3662
2973 3662
2973 3662
2973 3662
2973 3662
2973 3662
2973 3662
2973 3662
2973 3662
2977 30932
2977 30932
2977 30932
2977 30932
2978 30932
2978 30932
2978 30932
2978 30932
2978 30932
2978 30932
2978 30932
2978 30932
2978 30932
2978 30932
2978 30932
2978 30932
2978 30932
2978 30932
2978 26324
2978 26324
2978 26324
2978 26324
2978 26324
2981 4490
2981 4490
2981 4490
2981 4490
2981 4490
2981 4490
2981 4490
2981 4490
2981 4490
2981 4490
2981 4490
2981 4490
2981 4490
2981 26622
2981 26622
2981 26622
2981 26622
2981 26622
2985 4333
2985 4333
2985 4333
2985 4333
2985 4333
2985 4333
2985 4333
2985 4333
2985 4333
2985 4333
2985 4333
2985 4333
2985 4333
2985 4333
2985 26826
2985 26826
2985 26826
2985 26826
2989 4060
2989 4060
2989 4060
2989 4060
2989 4060
2989 4060
2989 4060
2989 4060
2989 4060
2989 4060
2989 4060
2989 4060
2989 4060
2989 4060
2989 20665
2989 20665
2989 20665
2989 20665
2993 4706
2993 4706
2993 4706
2993 4706
2993 4706
2993 4706
2993 4706
2993 4706
2993 4706
2993 4706
2993 4706
2993 4706
2993 4706
2993 4706
2993 26979
2993 26979
2993 26979
2993 26979
2993 26979
2997 4420
2997 4420
2997 4420
2997 4420
2997 4420
2997 4420
2997 4420
2997 4420
2997 4420
2997 4420
2997 4420
2997 4420
2997 4420
2997 23105
2997 23105
2997 23105
2997 23105
2997 23105
3001 3753
3001 3753
3001 3753
3001 3753
3001 3753
3001 3753
3001 3753
3001 3753
3001 3753
3001 3753
3001 3753
3001 3753
3001 3753
3001 3753
3001 26402
3001 26402
3001 26402
3001 26402
3005 4999
3005 4999
3005 4999
3005 4999
3005 4999
3005 4999
3005 4999
3005 4999
3005 4999
3005 4999
3005 4999
3005 4999
3005 4999
3005 4999
3005 26100
3005 26100
3005 26100
3005 26100
3009 3721
3009 3721
3009 3721
3009 3721
3009 3721
3009 3721
3009 3721
3009 3721
3009 3721
3009 3721
3009 3721
3009 3721
3009 3721
3009 3721
3009 25930
3009 25930
3009 25930
3009 25930
3009 25930
3013 4072
3013 4072
3013 4072
3013 4072
3013 4072
3013 4072
3013 4072
3013 4072
3013 4072
3013 4072
3013 4072
3013 4072
3013 4072
3013 26319
3013 26319
3013 26319
3013 26319
3013 26319
3017 3785
3017 3785
3017 3785
3017 3785
3017 3785
3017 3785
3017 3785
3017 3785
3017 3785
3017 3785
3017 3785
3017 3785
3017 3785
3017 3785
3017 25700
3017 25700
3017 25700
3017 25700
3021 3670
3021 3670
3021 3670
3021 3670
3021 3670
3021 3670
3021 3670
3021 3670
3021 3670
3021 3670
3021 3670
3021 3670
3021 3670
3021 3670
3021 26050
3021 26050
3021 26050
3021 26050
3021 26050
3025 3591
3025 3591
3025 3591
3025 3591
3025 3591
3025 3591
3025 3591
3025 3591
3025 3591
3025 3591
3025 3591
3025 3591
3025 3591
3025 26103
3025 26103
3025 26103
3025 26103
3025 26103
3029 4279
3029 4279
3029 4279
3029 4279
3029 4279
3029 4279
3029 4279
3029 4279
3029 4279
3029 4279
3029 4279
3029 4279
3029 4279
3029 26229
3029 26229
3029 26229
3029 26229
3029 26229
3033 4120
3033 4120
3033 4120
3033 4120
3033 4120
3033 4120
3033 4120
3033 4120
3033 4120
3033 4120
3033 4120
3033 4120
3033 4120
3033 4120
3033 24386
3033 24386
3033 24386
3033 24386
3037 3595
3037 3595
3037 3595
3037 3595
3037 3595
3037 3595
3037 3595
3037 3595
3037 3595
3037 3595
3037 3595
3037 3595
3037 3595
3037 3595
3037 26180
3037 26180
3037 26180
3037 26180
3037 26180
3041 4490
3041 4490
3041 4490
3041 4490
3041 4490
3041 4490
3041 4490
3041 4490
3041 4490
3041 4490
3041 4490
3041 4490
3041 4490
3041 26686
3041 26686
3041 26686
3041 26686
3041 26686
3045 3805
3045 3805
3045 3805
3045 3805
3045 3805
3045 3805
3045 3805
3045 3805
3045 3805
3045 30204
3045 30204
3045 30204
3045 30204
3045 30204
3049 30204
3049 30204
3049 30204
3049 30204
3049 30204
3049 30204
3049 30204
3049 30204
3049 30204
3049 30204
3049 30204
3049 30204
3049 30204
3049 22666
3049 22666
3049 22666
3049 22666
3049 22666
3052 3694
3052 3694
3052 3694
3052 3694
3052 3694
3052 3694
3052 3694
3052 3694
3052 3694
3052 3694
3052 3694
3052 3694
3052 3694
3052 3694
3052 26064
3052 26064
3052 26064
3052 26064
3056 3807
3056 3807
3056 3807
3056 3807
3056 3807
3056 3807
3056 3807
3056 3807
3056 3807
3056 3807
3056 3807
3056 3807
3056 3807
3056 3807
3056 25221
3056 25221
3056 25221
3056 25221
3060 3613
3060 3613
3060 3613
3060 3613
3060 3613
3060 3613
3060 3613
3060 3613
3060 3613
3060 3613
3060 3613
3060 3613
3060 3613
3060 3613
3060 26230
3060 26230
3060 26230
3060 26230
3060 26230
3064 3479
3064 3479
3064 3479
3064 3479
3064 3479
3064 3479
3064 3479
3064 3479
3064 3479
3064 3479
3064 3479
3064 3479
3064 3479
3064 26343
3064 26343
3064 26343
3064 26343
3064 26343
3068 3709
3068 3709
3068 3709
3068 3709
3068 3709
3068 3709
3068 3709
3068 3709
3068 3709
3068 3709
3068 3709
3068 3709
3068 3709
3068 3709
3068 27345
3068 27345
3068 27345
3068 27345
3072 3631
3072 3631
3072 3631
3072 3631
3072 3631
3072 3631
3072 3631
3072 3631
3072 3631
3072 3631
3072 3631
3072 3631
3072 3631
3072 3631
3072 26305
3072 26305
3072 26305
3072 26305
3076 3845
3076 3845
3076 3845
3076 3845
3076 3845
3076 3845
3076 3845
3076 3845
3076 3845
3076 3845
3076 3845
3076 3845
3076 3845
3076 3845
3076 25945
3076 25945
3076 25945
3076 25945
3076 25945
3080 3788
3080 3788
3080 3788
3080 3788
3080 3788
3080 3788
3080 3788
3080 3788
3080 3788
3080 3788
3080 3788
3080 3788
3080 3788
3080 26563
3080 26563
3080 26563
3080 26563
3080 26563
3084 4245
3084 4245
3084 4245
3084 4245
3084 4245
3084 4245
3084 4245
3084 4245
3084 4245
3084 4245
3084 4245
3084 4245
3084 4245
3084 4245
3084 26174
3084 26174
3084 26174
3084 26174
3088 3988
3088 3988
3088 3988
3088 3988
3088 3988
3088 3988
3088 3988
3088 3988
3088 3988
3088 3988
3088 3988
3088 3988
3088 3988
3088 3988
3088 26805
3088 26805
3088 26805
3088 26805
3088 26805
3092 3792
3092 3792
3092 3792
3092 3792
3092 3792
3092 3792
3092 3792
3092 3792
3092 3792
3092 3792
3092 3792
3092 3792
3092 3792
3092 26261
3092 26261
3092 26261
3092 26261
3092 26261
3096 4089
3096 4089
3096 4089
3096 4089
3096 4089
3096 4089
3096 4089
3096 4089
3096 4089
3096 4089
3096 4089
3096 4089
3096 4089
3096 26571
3096 26571
3096 26571
3096 26571
3096 26571
3100 3754
3100 3754
3100 3754
3100 3754
3100 3754
3100 3754
3100 3754
3100 3754
3100 3754
3100 3754
3100 3754
3100 3754
3100 3754
3100 3754
3100 26396
3100 26396
3100 26396
3100 26396
3104 3637
3104 3637
3104 3637
3104 3637
3104 3637
3104 3637
3104 3637
3104 3637
3104 3637
3104 3637
3104 3637
3104 3637
3104 3637
3104 3637
3104 26921
3104 26921
3104 26921
3104 26921
3104 26921
3108 3688
3108 3688
3108 3688
3108 3688
3108 3688
3108 3688
3108 3688
3108 3688
3108 3688
3108 3688
3108 3688
3108 3688
3108 3688
3108 26373
3108 26373
3108 26373
3108 26373
3108 26373
3112 4408
3112 4408
3112 4408
3112 4408
3112 4408
3112 4408
3112 4408
3112 4408
3112 4408
3112 4408
3112 4408
3112 4408
3112 4408
3112 4408
3116 30016
3116 30016
3116 30016
3116 30016
3117 30016
3117 30016
3117 30016
3117 30016
3117 30016
3117 30016
3117 30016
3117 30016
3117 30016
3117 30016
3117 30016
3117 30016
3117 30016
3117 30016
3117 26139
3117 26139
3117 26139
3117 26139
3120 3698
3120 3698
3120 3698
3120 3698
3120 3698
3120 3698
3120 3698
3120 3698
3120 3698
3120 3698
3120 3698
3120 3698
3120 3698
3120 3698
3120 26143
3120 26143
3120 26143
3120 26143
3120 26143
3124 3763
3124 3763
3124 3763
3124 3763
3124 3763
3124 3763
3124 3763
3124 3763
3124 3763
3124 3763
3124 3763
3124 3763
3124 3763
3128 29008
3128 29008
3128 29008
3128 29008
3128 29008
3129 29008
3129 29008
3129 29008
3129 29008
3129 29008
3129 29008
3129 29008
3129 29008
3129 29008
3129 29008
3129 29008
3129 29008
3129 29008
3129 29008
3129 25226
3129 25226
3129 25226
3129 25226
3132 4911
3132 4911
3132 4911
3132 4911
3132 4911
3132 4911
3132 4911
3132 4911
3132 4911
3132 4911
3132 4911
3132 4911
3132 4911
3132 4911
3132 26326
3132 26326
3132 26326
3132 26326
3136 4061
3136 4061
3136 4061
3136 4061
3136 4061
3136 4061
3136 4061
3136 4061
3136 4061
3136 4061
3136 4061
3136 4061
3136 4061
3136 4061
3136 26277
3136 26277
3136 26277
3136 26277
3136 26277
3140 3619
3140 3619
3140 3619
3140 3619
3140 3619
3140 3619
3140 3619
3140 3619
3140 3619
3140 3619
3140 3619
3140 3619
3140 3619
3140 26530
3140 26530
3140 26530
3140 26530
3140 26530
3144 3742
3144 3742
3144 3742
3144 3742
3144 3742
3144 3742
3144 3742
3144 3742
3144 3742
3144 3742
3144 3742
3144 3742
3144 3742
3144 3742
3144 26195
3144 26195
3144 26195
3144 26195
3148 3768
3148 3768
3148 3768
3148 3768
3148 3768
3148 3768
3148 3768
3148 3768
3148 3768
3148 3768
3148 3768
3148 3768
3148 3768
3148 3768
3148 26721
3148 26721
3148 26721
3148 26721
3148 26721
3152 3794
3152 3794
3152 3794
3152 3794
3152 3794
3152 3794
3152 3794
3152 3794
3152 3794
3152 3794
3152 3794
3152 3794
3152 3794
3152 26440
3152 26440
3152 26440
3152 26440
3152 26440
3156 4337
3156 4337
3156 4337
3156 4337
3156 4337
3156 4337
3156 4337
3156 4337
3156 4337
3156 4337
3156 4337
3156 4337
3156 4337
3156 27031
3156 27031
3156 27031
3156 27031
3156 27031
3160 3656
3160 3656
3160 3656
3160 3656
3160 3656
3160 3656
3160 3656
3160 3656
3160 3656
3160 3656
3160 3656
3160 3656
3160 3656
3160 3656
3164 28935
3164 28935
3164 28935
3164 28935
3165 28935
3165 28935
3165 28935
3165 28935
3165 28935
3165 28935
3165 28935
3165 28935
3165 28935
3165 28935
3165 28935
3165 28935
3165 28935
3165 28935
3165 26332
3165 26332
3165 26332
3165 26332
3165 26332
3168 4405
3168 4405
3168 4405
3168 4405
3168 4405
3168 4405
3168 4405
3168 4405
3168 4405
3168 4405
3168 4405
3168 4405
3168 4405
3168 26087
3168 26087
3168 26087
3168 26087
3168 26087
3172 3608
3172 3608
3172 3608
3172 3608
3172 3608
3172 3608
3172 3608
3172 3608
3172 3608
3172 3608
3172 3608
3172 3608
3172 3608
3172 3608
3172 26444
3172 26444
3172 26444
3172 26444
3176 4257
3176 4257
3176 4257
3176 4257
3176 4257
3176 4257
3176 4257
3176 4257
3176 4257
3176 4257
3176 4257
3176 4257
3176 4257
3176 4257
3176 26829
3176 26829
3176 26829
3176 26829
3180 4109
3180 4109
3180 4109
3180 4109
3180 4109
3180 4109
3180 4109
3180 4109
3180 4109
3180 4109
3180 4109
3180 4109
3180 4109
3180 4109
3180 26098
3180 26098
3180 26098
3180 26098
3180 26098
3184 3533
3184 3533
3184 3533
3184 3533
3184 3533
3184 3533
3184 3533
3184 3533
3184 3533
3184 3533
3184 3533
3184 3533
3184 3533
3184 27472
3184 27472
3184 27472
3184 27472
3184 27472
3188 4121
3188 4121
3188 4121
3188 4121
3188 4121
3188 4121
3188 4121
3188 4121
3188 4121
3188 4121
3188 4121
3188 4121
3188 4121
3188 4121
3188 26909
3188 26909
3188 26909
3188 26909
3192 4340
3192 4340
3192 4340
3192 4340
3192 4340
3192 4340
3192 4340
3192 4340
3192 4340
3192 4340
3192 4340
3192 4340
3192 4340
3192 4340
3192 26861
3192 26861
3192 26861
3192 26861
3196 3788
3196 3788
3196 3788
3196 3788
3196 3788
3196 3788
3196 3788
3196 3788
3196 3788
3196 3788
3196 3788
3196 3788
3196 3788
3196 3788
3196 27055
3196 27055
3196 27055
3196 27055
3196 27055
3200 4801
3200 4801
3200 4801
3200 4801
3200 4801
3200 4801
3200 4801
3200 4801
3200 4801
3200 4801
3200 4801
3200 4801
3200 4801
3200 26203
3200 26203
3200 26203
3200 26203
3200 26203
3204 3653
3204 3653
3204 3653
3204 3653
3204 3653
3204 3653
3204 3653
3204 3653
3204 3653
3204 3653
3204 3653
3204 3653
3204 3653
3204 3653
3204 27124
3204 27124
3204 27124
3204 27124
3208 4797
3208 4797
3208 4797
3208 4797
3208 4797
3208 4797
3208 4797
3208 4797
3208 4797
3208 4797
3208 4797
3208 4797
3208 4797
3208 4797
3208 26286
3208 26286
3208 26286
3208 26286
3208 26286
3212 4073
3212 4073
3212 4073
3212 4073
3212 4073
3212 4073
3212 4073
3212 4073
3212 4073
3212 4073
3212 4073
3212 4073
3212 4073
3212 26308
3212 26308
3212 26308
3212 26308
3212 26308
3216 4258
3216 4258
3216 4258
3216 4258
3216 4258
3216 4258
3216 4258
3216 4258
3216 4258
3216 4258
3216 4258
3216 4258
3216 4258
3216 25987
3216 25987
3216 25987
3216 25987
3216 25987
3220 4203
3220 4203
3220 4203
3220 4203
3220 4203
3220 4203
3220 4203
3220 4203
3220 4203
3220 4203
3220 4203
3220 4203
3220 4203
3220 4203
3220 4203
3220 4203
3220 4203
3220 4203
3220 25922
3220 25922
3220 25922
3220 25922
3220 25922
3224 5969
3224 5969
3224 5969
3224 5969
3225 5969
3225 5969
3225 5969
3225 5969
3225 5969
3225 26325
3225 26325
3225 26325
3225 26325
3225 26325
3228 3929
3228 3929
3228 3929
3228 3929
3228 3929
3228 3929
3228 3929
3228 3929
3228 3929
3228 3929
3228 3929
3228 3929
3228 3929
3228 20740
3228 20740
3228 20740
3228 20740
3228 20740
3232 3584
3232 3584
3232 3584
3232 3584
3232 3584
3232 3584
3232 3584
3232 3584
3232 3584
3232 3584
3232 3584
3232 3584
3232 3584
3232 3584
3232 26236
3232 26236
3232 26236
3232 26236
3236 3560
3236 3560
3236 3560
3236 3560
3236 3560
3236 3560
3236 3560
3236 3560
3236 3560
3236 3560
3236 3560
3236 3560
3236 3560
3236 3560
3236 26298
3236 26298
3236 26298
3236 26298
3240 3834
3240 3834
3240 3834
3240 3834
3240 3834
3240 3834
3240 3834
3240 3834
3240 3834
3240 3834
3240 3834
3240 3834
3240 3834
3240 3834
3240 26687
3240 26687
3240 26687
3240 26687
3240 26687
3244 4175
3244 4175
3244 4175
3244 4175
3244 4175
3244 4175
3244 4175
3244 4175
3244 4175
3244 4175
3244 4175
3244 4175
3244 4175
3244 26001
3244 26001
3244 26001
3244 26001
3244 26001
3248 4399
3248 4399
3248 4399
3248 4399
3248 4399
3248 4399
3248 4399
3248 4399
3248 4399
3248 4399
3248 4399
3248 4399
3248 4399
3248 4399
3248 26913
3248 26913
3248 26913
3248 26913
3252 4353
3252 4353
3252 4353
3252 4353
3252 4353
3252 4353
3252 4353
3252 4353
3252 4353
3252 29887
3252 29887
3252 29887
3252 29887
3252 29887
3256 29887
3256 29887
3256 29887
3256 29887
3256 29887
3256 29887
3256 29887
3256 29887
3256 29887
3256 29887
3256 29887
3256 29887
3256 29887
3256 29887
3256 26088
3256 26088
3256 26088
3256 26088
3259 4263
3259 4263
3259 4263
3259 4263
3259 4263
3259 4263
3259 4263
3259 4263
3259 4263
3259 4263
3259 4263
3259 4263
3259 4263
3259 4263
3259 26527
3259 26527
3259 26527
3259 26527
3263 4268
3263 4268
3263 4268
3263 4268
3263 4268
3263 4268
3263 4268
3263 4268
3263 4268
3263 4268
3263 4268
3263 4268
3263 4268
3263 4268
3263 27573
3263 27573
3263 27573
3263 27573
3263 27573
3267 3953
3267 3953
3267 3953
3267 3953
3267 3953
3267 3953
3267 3953
3267 3953
3267 3953
3267 3953
3267 3953
3267 3953
3267 3953
3267 26352
3267 26352
3267 26352
3267 26352
3267 26352
3271 4085
3271 4085
3271 4085
3271 4085
3271 4085
3271 4085
3271 4085
3271 4085
3271 4085
3271 29538
3271 29538
3271 29538
3271 29538
3271 29538
3275 29538
3275 29538
3275 29538
3275 29538
3275 29538
3275 29538
3275 29538
3275 29538
3275 29538
3275 30941
3275 30941
3275 30941
3275 30941
3278 30941
3278 30941
3278 30941
3278 30941
3278 30941
3278 30941
3278 30941
3278 30941
3278 30941
3278 30941
3278 30941
3278 30941
3278 30941
3278 30941
3278 26649
3278 26649
3278 26649
3278 26649
3278 26649
3281 3596
3281 3596
3281 3596
3281 3596
3281 3596
3281 3596
3281 3596
3281 3596
3281 3596
3281 3596
3281 3596
3281 3596
3281 3596
3281 25586
3281 25586
3281 25586
3281 25586
3281 25586
3281 25586
3281 25586
3281 25586
3281 25586
3281 25586
3281 25586
3281 25586
3281 25586
3281 25586
